code,name,official_name,iso2,iso3,population_millions,population_year,population_source,area_km2,area_source,region,subregion,worldbank_region,worldbank_income_level,worldbank_lending_type,independent,status,un_member,un_regional_group,capital,latitude,longitude,coordinates_source,landlocked,borders,currencies,languages,inception_year,un_membership_year,recognition_year,recognition_year_source,recognition_year_confidence,gdp_current_usd,gdp_year,gdp_source,co2_year,co2_mt,co2_per_capita,consumption_co2_mt,consumption_co2_per_capita,cumulative_co2_mt,co2_including_luc_mt,total_ghg_mt,total_ghg_excluding_lucf_mt,ghg_per_capita,primary_energy_consumption_twh,energy_per_capita_kwh,share_global_co2_pct,temperature_change_from_co2_c,co2_source,metadata_sources,metadata_quality
ad,Andorra,Principality of Andorra,AD,AND,0.081938,2024,World Bank WDI SP.POP.TOTL,468,mledoze/countries area,Europe,Southern Europe,Europe & Central Asia,High income,Not classified,true,officially-assigned,true,Western European and Others Group,Andorra la Vella,42.5,1.5,mledoze/countries latlng,true,FRA;ESP,EUR,Catalan,1278,1993,1993,Wikidata UN membership start (P463/P580),medium,4039842405.48,2024,World Bank WDI NY.GDP.MKTP.CD,2024,0.425,5.182,,,16.655,0.419,0.531,0.461,6.482,,,0.001,0.000,Our World in Data CO2 dataset,World Bank WDI SP.POP.TOTL;mledoze/countries area;World Bank WDI NY.GDP.MKTP.CD;Our World in Data CO2 dataset;Wikidata UN membership start (P463/P580),bulk_enriched
ae,United Arab Emirates,United Arab Emirates,AE,ARE,10.9864,2024,World Bank WDI SP.POP.TOTL,83600,mledoze/countries area,Asia,Western Asia,"Middle East, North Africa, Afghanistan & Pakistan",High income,Not classified,true,officially-assigned,true,Asia and the Pacific Group,Abu Dhabi,24,54,mledoze/countries latlng,false,OMN;SAU,AED,Arabic,1971,1971,1971,Wikidata UN membership start (P463/P580),medium,552324846834.58,2024,World Bank WDI NY.GDP.MKTP.CD,2024,221.988,20.131,,,5824.240,221.988,262.130,259.833,23.771,1522.037,138026.484,0.575,0.003,Our World in Data CO2 dataset,World Bank WDI SP.POP.TOTL;mledoze/countries area;World Bank WDI NY.GDP.MKTP.CD;Our World in Data CO2 dataset;Wikidata UN membership start (P463/P580),bulk_enriched
af,Afghanistan,Islamic Republic of Afghanistan,AF,AFG,42.647492,2024,World Bank WDI SP.POP.TOTL,652230,mledoze/countries area,Asia,Southern Asia,"Middle East, North Africa, Afghanistan & Pakistan",Low income,IDA,true,officially-assigned,true,Asia and the Pacific Group,Kabul,33,65,mledoze/countries latlng,true,IRN;PAK;TKM;UZB;TJK;CHN,AFN,Dari;Pashto;Turkmen,1709,1946,1946,Wikidata UN membership start (P463/P580),medium,17152234636.87,2023,World Bank WDI NY.GDP.MKTP.CD,2024,10.826,0.254,,,242.635,29.074,39.886,15.843,0.935,39.453,925.085,0.028,0.001,Our World in Data CO2 dataset,World Bank WDI SP.POP.TOTL;mledoze/countries area;World Bank WDI NY.GDP.MKTP.CD;Our World in Data CO2 dataset;Wikidata UN membership start (P463/P580),bulk_enriched
ag,Antigua and Barbuda,Antigua and Barbuda,AG,ATG,0.093772,2024,World Bank WDI SP.POP.TOTL,442,mledoze/countries area,Americas,Caribbean,Latin America & Caribbean,High income,IBRD,true,officially-assigned,true,Latin American and Caribbean Group,Saint John's,17.05,-61.8,mledoze/countries latlng,false,,XCD,English,1981,1981,1981,Wikidata UN membership start (P463/P580),medium,2207622874.07,2024,World Bank WDI NY.GDP.MKTP.CD,2024,0.665,7.092,,,26.920,0.639,0.724,0.718,7.725,3.118,33242.316,0.002,0.000,Our World in Data CO2 dataset,World Bank WDI SP.POP.TOTL;mledoze/countries area;World Bank WDI NY.GDP.MKTP.CD;Our World in Data CO2 dataset;Wikidata UN membership start (P463/P580),bulk_enriched
ai,Anguilla,Anguilla,AI,AIA,0.014623,2024,Our World in Data CO2 population,91,mledoze/countries area,Americas,Caribbean,,,,false,officially-assigned,false,,The Valley,18.25,-63.16666666,mledoze/countries latlng,false,,XCD,English,,,1900,fallback_placeholder,none,,,,2024,0.148,10.127,,,3.588,,,,,,,0.000,0.000,Our World in Data CO2 dataset,Our World in Data CO2 population;mledoze/countries area;Our World in Data CO2 dataset;fallback_placeholder,bulk_enriched
al,Albania,Republic of Albania,AL,ALB,2.377128,2024,World Bank WDI SP.POP.TOTL,28748,mledoze/countries area,Europe,Southeast Europe,Europe & Central Asia,Upper middle income,IBRD,true,officially-assigned,true,Eastern European Group,Tirana,41,20,mledoze/countries latlng,false,MNE;GRC;MKD;UNK,ALL,Albanian,1912,1955,1955,Wikidata UN membership start (P463/P580),medium,27046429296.67,2024,World Bank WDI NY.GDP.MKTP.CD,2024,4.444,1.592,,,307.938,4.024,6.708,5.539,2.403,25.594,9167.564,0.012,0.000,Our World in Data CO2 dataset,World Bank WDI SP.POP.TOTL;mledoze/countries area;World Bank WDI NY.GDP.MKTP.CD;Our World in Data CO2 dataset;Wikidata UN membership start (P463/P580),bulk_enriched
am,Armenia,Republic of Armenia,AM,ARM,3.0335,2024,World Bank WDI SP.POP.TOTL,29743,mledoze/countries area,Asia,Western Asia,Europe & Central Asia,Upper middle income,IBRD,true,officially-assigned,true,Eastern European Group,Yerevan,40,45,mledoze/countries latlng,true,AZE;GEO;IRN;TUR,AMD,Armenian,1991,1991,1991,Wikidata UN membership start (P463/P580),medium,25955275380.03,2024,World Bank WDI NY.GDP.MKTP.CD,2024,7.431,2.499,,,406.690,7.455,10.311,8.526,3.467,49.780,16739.324,0.019,0.000,Our World in Data CO2 dataset,World Bank WDI SP.POP.TOTL;mledoze/countries area;World Bank WDI NY.GDP.MKTP.CD;Our World in Data CO2 dataset;Wikidata UN membership start (P463/P580),bulk_enriched
ao,Angola,Republic of Angola,AO,AGO,37.885849,2024,World Bank WDI SP.POP.TOTL,1246700,mledoze/countries area,Africa,Middle Africa,Sub-Saharan Africa,Lower middle income,IBRD,true,officially-assigned,true,African Group,Luanda,-12.5,18.5,mledoze/countries latlng,false,COG;COD;ZMB;NAM,AOA,Portuguese,1992,1976,1976,Wikidata UN membership start (P463/P580),medium,100998916781.08,2024,World Bank WDI NY.GDP.MKTP.CD,2024,22.334,0.589,,,739.588,72.337,159.462,49.271,4.209,100.765,2659.693,0.058,0.003,Our World in Data CO2 dataset,World Bank WDI SP.POP.TOTL;mledoze/countries area;World Bank WDI NY.GDP.MKTP.CD;Our World in Data CO2 dataset;Wikidata UN membership start (P463/P580),bulk_enriched
aq,Antarctica,Antarctica,AQ,ATA,1,,fallback_placeholder,14000000,mledoze/countries area,Antarctic,unknown,,,,false,officially-assigned,false,,,-90,0,mledoze/countries latlng,false,,,,1961,,1961,Wikidata inception (P571),low,,,,2024,0.000,,,,0.154,,,,,0.051,,0.000,0.000,Our World in Data CO2 dataset,fallback_placeholder;mledoze/countries area;Our World in Data CO2 dataset;Wikidata inception (P571),partial_enriched
ar,Argentina,Argentine Republic,AR,ARG,45.696159,2024,World Bank WDI SP.POP.TOTL,2780400,mledoze/countries area,Americas,South America,Latin America & Caribbean,Upper middle income,IBRD,true,officially-assigned,true,Latin American and Caribbean Group,Buenos Aires,-34,-64,mledoze/countries latlng,false,BOL;BRA;CHL;PRY;URY,ARS,Guaraní;Spanish,1816,1945,1945,Wikidata UN membership start (P463/P580),medium,638365455340.04,2024,World Bank WDI NY.GDP.MKTP.CD,2024,171.059,3.743,,,9151.537,315.465,416.982,198.710,9.125,983.105,21513.947,0.443,0.009,Our World in Data CO2 dataset,World Bank WDI SP.POP.TOTL;mledoze/countries area;World Bank WDI NY.GDP.MKTP.CD;Our World in Data CO2 dataset;Wikidata UN membership start (P463/P580),bulk_enriched
arab,ARAB,ARAB,ARAB,,1,,fallback_placeholder,1,fallback_placeholder,unknown,unknown,,,,,,false,,,,,,,,,,,,1900,fallback_placeholder,none,,,,,,,,,,,,,,,,,,,fallback_placeholder,placeholder
as,American Samoa,American Samoa,AS,ASM,0.046765,2024,World Bank WDI SP.POP.TOTL,199,mledoze/countries area,Oceania,Polynesia,East Asia & Pacific,High income,Not classified,false,officially-assigned,false,,Pago Pago,-14.33333333,-170,mledoze/countries latlng,false,,USD,English;Samoan,1899,,1899,Wikidata inception (P571),low,871000000,2022,World Bank WDI NY.GDP.MKTP.CD,,,,,,,,,,,,,,,,World Bank WDI SP.POP.TOTL;mledoze/countries area;World Bank WDI NY.GDP.MKTP.CD;Wikidata inception (P571),bulk_enriched
asean,ASEAN,ASEAN,ASEAN,,1,,fallback_placeholder,1,fallback_placeholder,unknown,unknown,,,,,,false,,,,,,,,,,,,1900,fallback_placeholder,none,,,,,,,,,,,,,,,,,,,fallback_placeholder,placeholder
at,Austria,Republic of Austria,AT,AUT,9.177982,2024,World Bank WDI SP.POP.TOTL,83871,mledoze/countries area,Europe,Central Europe,Europe & Central Asia,High income,Not classified,true,officially-assigned,true,Western European and Others Group,Vienna,47.33333333,13.33333333,mledoze/countries latlng,true,CZE;DEU;HUN;ITA;LIE;SVK;SVN;CHE,EUR,Austro-Bavarian German,1918,1955,1955,Wikidata UN membership start (P463/P580),medium,534790720466.82,2024,World Bank WDI NY.GDP.MKTP.CD,2024,56.368,6.180,,,5749.663,55.700,68.248,61.884,7.483,412.337,45208.309,0.146,0.003,Our World in Data CO2 dataset,World Bank WDI SP.POP.TOTL;mledoze/countries area;World Bank WDI NY.GDP.MKTP.CD;Our World in Data CO2 dataset;Wikidata UN membership start (P463/P580),bulk_enriched
au,Australia,Commonwealth of Australia,AU,AUS,27.196812,2024,World Bank WDI SP.POP.TOTL,7692024,mledoze/countries area,Oceania,Australia and New Zealand,East Asia & Pacific,High income,Not classified,true,officially-assigned,true,Western European and Others Group,Canberra,-27,133,mledoze/countries latlng,false,,AUD,English,1901,1945,1945,Wikidata UN membership start (P463/P580),medium,1757022451652.83,2024,World Bank WDI NY.GDP.MKTP.CD,2024,386.732,14.477,,,20039.670,428.388,609.924,455.555,22.832,1672.114,62595.039,1.002,0.015,Our World in Data CO2 dataset,World Bank WDI SP.POP.TOTL;mledoze/countries area;World Bank WDI NY.GDP.MKTP.CD;Our World in Data CO2 dataset;Wikidata UN membership start (P463/P580),bulk_enriched
aw,Aruba,Aruba,AW,ABW,0.107995,2024,World Bank WDI SP.POP.TOTL,180,mledoze/countries area,Americas,Caribbean,Latin America & Caribbean,High income,Not classified,false,officially-assigned,false,,Oranjestad,12.5,-69.96666666,mledoze/countries latlng,false,,AWG,Dutch;Papiamento,1986,,1986,Wikidata inception (P571),low,4265650673,2024,World Bank WDI NY.GDP.MKTP.CD,2024,0.921,8.518,,,75.769,,0.953,0.951,8.813,4.926,45574.949,0.002,0.000,Our World in Data CO2 dataset,World Bank WDI SP.POP.TOTL;mledoze/countries area;World Bank WDI NY.GDP.MKTP.CD;Our World in Data CO2 dataset;Wikidata inception (P571),bulk_enriched
ax,Åland Islands,Åland Islands,AX,ALA,1,,fallback_placeholder,1580,mledoze/countries area,Europe,Northern Europe,,,,false,officially-assigned,false,,Mariehamn,60.116667,19.9,mledoze/countries latlng,false,,EUR,Swedish,,,1900,fallback_placeholder,none,,,,,,,,,,,,,,,,,,,fallback_placeholder;mledoze/countries area,partial_enriched
az,Azerbaijan,Republic of Azerbaijan,AZ,AZE,10.20283,2024,World Bank WDI SP.POP.TOTL,86600,mledoze/countries area,Asia,Western Asia,Europe & Central Asia,Upper middle income,IBRD,true,officially-assigned,true,Eastern European Group,Baku,40.5,47.5,mledoze/countries latlng,true,ARM;GEO;IRN;RUS;TUR,AZN,Azerbaijani;Russian,1991,1991,1991,Wikidata UN membership start (P463/P580),medium,74315882352.94,2024,World Bank WDI NY.GDP.MKTP.CD,2024,39.830,3.853,,,2637.138,42.484,57.342,49.053,5.547,208.152,20137.387,0.103,0.001,Our World in Data CO2 dataset,World Bank WDI SP.POP.TOTL;mledoze/countries area;World Bank WDI NY.GDP.MKTP.CD;Our World in Data CO2 dataset;Wikidata UN membership start (P463/P580),bulk_enriched
ba,Bosnia and Herzegovina,Bosnia and Herzegovina,BA,BIH,3.164253,2024,World Bank WDI SP.POP.TOTL,51209,mledoze/countries area,Europe,Southeast Europe,Europe & Central Asia,Upper middle income,IBRD,true,officially-assigned,true,Eastern European Group,Sarajevo,44,18,mledoze/countries latlng,false,HRV;MNE;SRB,BAM,Bosnian;Croatian;Serbian,1992,1992,1992,Wikidata UN membership start (P463/P580),medium,29613572022.9,2024,World Bank WDI NY.GDP.MKTP.CD,2024,19.426,6.139,,,1043.488,18.804,26.472,24.592,8.366,87.513,27656.611,0.050,0.001,Our World in Data CO2 dataset,World Bank WDI SP.POP.TOTL;mledoze/countries area;World Bank WDI NY.GDP.MKTP.CD;Our World in Data CO2 dataset;Wikidata UN membership start (P463/P580),bulk_enriched
bb,Barbados,Barbados,BB,BRB,0.282467,2024,World Bank WDI SP.POP.TOTL,430,mledoze/countries area,Americas,Caribbean,Latin America & Caribbean,High income,IBRD,true,officially-assigned,true,Latin American and Caribbean Group,Bridgetown,13.16666666,-59.53333333,mledoze/countries latlng,false,,BBD,English,1966,1966,1966,Wikidata UN membership start (P463/P580),medium,7498050000,2024,World Bank WDI NY.GDP.MKTP.CD,2024,1.365,4.833,,,63.875,1.295,1.543,1.511,5.461,6.770,23965.328,0.004,0.000,Our World in Data CO2 dataset,World Bank WDI SP.POP.TOTL;mledoze/countries area;World Bank WDI NY.GDP.MKTP.CD;Our World in Data CO2 dataset;Wikidata UN membership start (P463/P580),bulk_enriched
bd,Bangladesh,People's Republic of Bangladesh,BD,BGD,173.562364,2024,World Bank WDI SP.POP.TOTL,147570,mledoze/countries area,Asia,Southern Asia,South Asia,Lower middle income,IDA,true,officially-assigned,true,Asia and the Pacific Group,Dhaka,24,90,mledoze/countries latlng,false,MMR;IND,BDT,Bengali,1971,1974,1974,Wikidata UN membership start (P463/P580),medium,450119432068.85,2024,World Bank WDI NY.GDP.MKTP.CD,2024,108.318,0.624,,,2000.965,123.120,241.064,136.875,1.389,529.073,3048.313,0.281,0.002,Our World in Data CO2 dataset,World Bank WDI SP.POP.TOTL;mledoze/countries area;World Bank WDI NY.GDP.MKTP.CD;Our World in Data CO2 dataset;Wikidata UN membership start (P463/P580),bulk_enriched
be,Belgium,Kingdom of Belgium,BE,BEL,11.85861,2024,World Bank WDI SP.POP.TOTL,30528,mledoze/countries area,Europe,Western Europe,Europe & Central Asia,High income,Not classified,true,officially-assigned,true,Western European and Others Group,Brussels,50.83333333,4,mledoze/countries latlng,false,FRA;DEU;LUX;NLD,EUR,German;French;Dutch,1830,1945,1945,Wikidata UN membership start (P463/P580),medium,671370081636.41,2024,World Bank WDI NY.GDP.MKTP.CD,2024,85.456,7.280,,,12906.185,89.296,107.948,96.458,9.196,644.116,54870.879,0.221,0.006,Our World in Data CO2 dataset,World Bank WDI SP.POP.TOTL;mledoze/countries area;World Bank WDI NY.GDP.MKTP.CD;Our World in Data CO2 dataset;Wikidata UN membership start (P463/P580),bulk_enriched
bf,Burkina Faso,Burkina Faso,BF,BFA,23.548781,2024,World Bank WDI SP.POP.TOTL,272967,mledoze/countries area,Africa,Western Africa,Sub-Saharan Africa,Low income,IDA,true,officially-assigned,true,African Group,Ouagadougou,13,-2,mledoze/countries latlng,true,BEN;CIV;GHA;MLI;NER;TGO,XOF,French,1960,1960,1960,Wikidata UN membership start (P463/P580),medium,23124729853.02,2024,World Bank WDI NY.GDP.MKTP.CD,2024,6.508,0.276,,,95.790,34.953,59.459,13.147,2.525,25.021,1062.505,0.017,0.001,Our World in Data CO2 dataset,World Bank WDI SP.POP.TOTL;mledoze/countries area;World Bank WDI NY.GDP.MKTP.CD;Our World in Data CO2 dataset;Wikidata UN membership start (P463/P580),bulk_enriched
bg,Bulgaria,Republic of Bulgaria,BG,BGR,6.441421,2024,World Bank WDI SP.POP.TOTL,110879,mledoze/countries area,Europe,Southeast Europe,Europe & Central Asia,High income,IBRD,true,officially-assigned,true,Eastern European Group,Sofia,43,25,mledoze/countries latlng,false,GRC;MKD;ROU;SRB;TUR,EUR,Bulgarian,1878,1955,1955,Wikidata UN membership start (P463/P580),medium,113343355779.99,2024,World Bank WDI NY.GDP.MKTP.CD,2024,31.622,4.679,,,3984.196,23.789,40.275,39.308,5.960,191.794,28381.641,0.082,0.002,Our World in Data CO2 dataset,World Bank WDI SP.POP.TOTL;mledoze/countries area;World Bank WDI NY.GDP.MKTP.CD;Our World in Data CO2 dataset;Wikidata UN membership start (P463/P580),bulk_enriched
bh,Bahrain,Kingdom of Bahrain,BH,BHR,1.58867,2024,World Bank WDI SP.POP.TOTL,765,mledoze/countries area,Asia,Western Asia,"Middle East, North Africa, Afghanistan & Pakistan",High income,Not classified,true,officially-assigned,true,Asia and the Pacific Group,Manama,26,50.55,mledoze/countries latlng,false,,BHD,Arabic,1971,1971,1971,Wikidata UN membership start (P463/P580),medium,47109734308.51,2024,World Bank WDI NY.GDP.MKTP.CD,2024,39.003,24.270,,,1112.192,39.003,62.974,62.929,39.186,244.335,152038.297,0.101,0.001,Our World in Data CO2 dataset,World Bank WDI SP.POP.TOTL;mledoze/countries area;World Bank WDI NY.GDP.MKTP.CD;Our World in Data CO2 dataset;Wikidata UN membership start (P463/P580),bulk_enriched
bi,Burundi,Republic of Burundi,BI,BDI,14.047786,2024,World Bank WDI SP.POP.TOTL,27834,mledoze/countries area,Africa,Eastern Africa,Sub-Saharan Africa,Low income,IDA,true,officially-assigned,true,African Group,Gitega,-3.5,30,mledoze/countries latlng,true,COD;RWA;TZA,BIF,French;Kirundi,1962,1966,1966,Wikidata UN membership start (P463/P580),medium,3082433067.33,2024,World Bank WDI NY.GDP.MKTP.CD,2024,0.917,0.065,,,16.688,5.212,9.702,4.124,0.691,3.910,278.341,0.002,0.000,Our World in Data CO2 dataset,World Bank WDI SP.POP.TOTL;mledoze/countries area;World Bank WDI NY.GDP.MKTP.CD;Our World in Data CO2 dataset;Wikidata UN membership start (P463/P580),bulk_enriched
bj,Benin,Republic of Benin,BJ,BEN,14.462724,2024,World Bank WDI SP.POP.TOTL,112622,mledoze/countries area,Africa,Western Africa,Sub-Saharan Africa,Lower middle income,IDA,true,officially-assigned,true,African Group,Porto-Novo,9.5,2.25,mledoze/countries latlng,false,BFA;NER;NGA;TGO,XOF,French,1960,1990,1990,Wikidata UN membership start (P463/P580),medium,21482643706.42,2024,World Bank WDI NY.GDP.MKTP.CD,2024,6.066,0.419,,,128.382,50.153,40.935,10.360,2.830,31.410,2171.823,0.016,0.000,Our World in Data CO2 dataset,World Bank WDI SP.POP.TOTL;mledoze/countries area;World Bank WDI NY.GDP.MKTP.CD;Our World in Data CO2 dataset;Wikidata UN membership start (P463/P580),bulk_enriched
bl,Saint Barthélemy,Collectivity of Saint Barthélemy,BL,BLM,1,,fallback_placeholder,21,mledoze/countries area,Americas,Caribbean,,,,false,officially-assigned,false,,Gustavia,18.5,-63.41666666,mledoze/countries latlng,false,,EUR,French,2007,,2007,Wikidata inception (P571),low,,,,,,,,,,,,,,,,,,,fallback_placeholder;mledoze/countries area;Wikidata inception (P571),partial_enriched
bm,Bermuda,Bermuda,BM,BMU,0.064636,2024,World Bank WDI SP.POP.TOTL,54,mledoze/countries area,Americas,North America,North America,High income,Not classified,false,officially-assigned,false,,Hamilton,32.33333333,-64.75,mledoze/countries latlng,false,,BMD,English,1612,,1612,Wikidata inception (P571),low,9233600000,2024,World Bank WDI NY.GDP.MKTP.CD,2024,0.550,8.506,,,31.025,,,,,2.411,37280.262,0.001,0.000,Our World in Data CO2 dataset,World Bank WDI SP.POP.TOTL;mledoze/countries area;World Bank WDI NY.GDP.MKTP.CD;Our World in Data CO2 dataset;Wikidata inception (P571),bulk_enriched
bn,Brunei,"Nation of Brunei, Abode of Peace",BN,BRN,0.462721,2024,World Bank WDI SP.POP.TOTL,5765,mledoze/countries area,Asia,South-Eastern Asia,East Asia & Pacific,High income,Not classified,true,officially-assigned,true,Asia and the Pacific Group,Bandar Seri Begawan,4.5,114.66666666,mledoze/countries latlng,false,MYS,BND;SGD,Malay,1368,1984,1984,Wikidata UN membership start (P463/P580),medium,15340808592.48,2024,World Bank WDI NY.GDP.MKTP.CD,2024,12.052,26.046,,,427.762,12.894,14.962,14.080,32.334,56.444,121979.820,0.031,0.000,Our World in Data CO2 dataset,World Bank WDI SP.POP.TOTL;mledoze/countries area;World Bank WDI NY.GDP.MKTP.CD;Our World in Data CO2 dataset;Wikidata UN membership start (P463/P580),bulk_enriched
bo,Bolivia,Plurinational State of Bolivia,BO,BOL,12.413315,2024,World Bank WDI SP.POP.TOTL,1098581,mledoze/countries area,Americas,South America,Latin America & Caribbean,Lower middle income,IBRD,true,officially-assigned,true,Latin American and Caribbean Group,Sucre,-17,-65,mledoze/countries latlng,true,ARG;BRA;CHL;PRY;PER,BOB,Aymara;Guaraní;Quechua;Spanish,1825,1945,1945,Wikidata UN membership start (P463/P580),medium,54881327452.97,2024,World Bank WDI NY.GDP.MKTP.CD,2024,28.709,2.313,,,641.184,139.648,160.017,33.264,12.891,116.442,9380.434,0.074,0.003,Our World in Data CO2 dataset,World Bank WDI SP.POP.TOTL;mledoze/countries area;World Bank WDI NY.GDP.MKTP.CD;Our World in Data CO2 dataset;Wikidata UN membership start (P463/P580),bulk_enriched
bq,Caribbean Netherlands,"Bonaire, Sint Eustatius and Saba",BQ,BES,0.030699,2024,Our World in Data CO2 population,328,mledoze/countries area,Americas,Caribbean,,,,false,officially-assigned,false,,Kralendijk;Oranjestad;The Bottom,12.18,-68.25,mledoze/countries latlng,false,,USD,English;Dutch;Papiamento,2010,,2010,Wikidata inception (P571),low,,,,2024,0.152,4.947,,,10.627,,,,,,,0.000,0.000,Our World in Data CO2 dataset,Our World in Data CO2 population;mledoze/countries area;Our World in Data CO2 dataset;Wikidata inception (P571),bulk_enriched
br,Brazil,Federative Republic of Brazil,BR,BRA,211.998573,2024,World Bank WDI SP.POP.TOTL,8515767,mledoze/countries area,Americas,South America,Latin America & Caribbean,Upper middle income,IBRD,true,officially-assigned,true,Latin American and Caribbean Group,Brasília,-10,-55,mledoze/countries latlng,false,ARG;BOL;COL;GUF;GUY;PRY;PER;SUR;URY;VEN,BRL,Portuguese,1822,1945,1945,Wikidata UN membership start (P463/P580),medium,2185821648943.86,2024,World Bank WDI NY.GDP.MKTP.CD,2024,483.012,2.278,,,18198.707,2082.678,2804.431,681.164,13.229,3919.054,18486.229,1.251,0.061,Our World in Data CO2 dataset,World Bank WDI SP.POP.TOTL;mledoze/countries area;World Bank WDI NY.GDP.MKTP.CD;Our World in Data CO2 dataset;Wikidata UN membership start (P463/P580),bulk_enriched
bs,Bahamas,Commonwealth of the Bahamas,BS,BHS,0.401283,2024,World Bank WDI SP.POP.TOTL,13943,mledoze/countries area,Americas,Caribbean,Latin America & Caribbean,High income,Not classified,true,officially-assigned,true,Latin American and Caribbean Group,Nassau,24.25,-76,mledoze/countries latlng,false,,BSD;USD,English,1973,1973,1973,Wikidata UN membership start (P463/P580),medium,15832800000,2024,World Bank WDI NY.GDP.MKTP.CD,2024,3.070,7.650,,,180.560,3.050,3.458,3.442,8.618,13.902,34643.328,0.008,0.000,Our World in Data CO2 dataset,World Bank WDI SP.POP.TOTL;mledoze/countries area;World Bank WDI NY.GDP.MKTP.CD;Our World in Data CO2 dataset;Wikidata UN membership start (P463/P580),bulk_enriched
bt,Bhutan,Kingdom of Bhutan,BT,BTN,0.791524,2024,World Bank WDI SP.POP.TOTL,38394,mledoze/countries area,Asia,Southern Asia,South Asia,Lower middle income,IDA,true,officially-assigned,true,Asia and the Pacific Group,Thimphu,27.5,90.5,mledoze/countries latlng,true,CHN;IND,BTN;INR,Dzongkha,1949,1971,1971,Wikidata UN membership start (P463/P580),medium,3012896789.25,2023,World Bank WDI NY.GDP.MKTP.CD,2024,1.657,2.094,,,29.797,8.194,7.387,2.520,9.333,17.796,22482.574,0.004,0.000,Our World in Data CO2 dataset,World Bank WDI SP.POP.TOTL;mledoze/countries area;World Bank WDI NY.GDP.MKTP.CD;Our World in Data CO2 dataset;Wikidata UN membership start (P463/P580),bulk_enriched
bv,Bouvet Island,Bouvet Island,BV,BVT,1,,fallback_placeholder,49,mledoze/countries area,Antarctic,unknown,,,,false,officially-assigned,false,,,-54.43333333,3.4,mledoze/countries latlng,false,,,Norwegian,,,1900,fallback_placeholder,none,,,,,,,,,,,,,,,,,,,fallback_placeholder;mledoze/countries area,partial_enriched
bw,Botswana,Republic of Botswana,BW,BWA,2.521139,2024,World Bank WDI SP.POP.TOTL,582000,mledoze/countries area,Africa,Southern Africa,Sub-Saharan Africa,Upper middle income,IBRD,true,officially-assigned,true,African Group,Gaborone,-22,24,mledoze/countries latlng,true,NAM;ZAF;ZMB;ZWE,BWP,English;Tswana,1966,1966,1966,Wikidata UN membership start (P463/P580),medium,19402063512.91,2024,World Bank WDI NY.GDP.MKTP.CD,2024,7.462,2.960,,,184.336,7.265,26.201,10.457,10.392,24.734,9810.756,0.019,0.000,Our World in Data CO2 dataset,World Bank WDI SP.POP.TOTL;mledoze/countries area;World Bank WDI NY.GDP.MKTP.CD;Our World in Data CO2 dataset;Wikidata UN membership start (P463/P580),bulk_enriched
by,Belarus,Republic of Belarus,BY,BLR,9.132629,2024,World Bank WDI SP.POP.TOTL,207600,mledoze/countries area,Europe,Eastern Europe,Europe & Central Asia,Upper middle income,IBRD,true,officially-assigned,true,Eastern European Group,Minsk,53,28,mledoze/countries latlng,true,LVA;LTU;POL;RUS;UKR,BYN,Belarusian;Russian,1991,1991,1991,Wikidata UN membership start (P463/P580),medium,75961865471.91,2024,World Bank WDI NY.GDP.MKTP.CD,2024,55.818,6.163,,,5184.231,52.297,94.578,66.219,10.443,313.657,34632.566,0.145,0.004,Our World in Data CO2 dataset,World Bank WDI SP.POP.TOTL;mledoze/countries area;World Bank WDI NY.GDP.MKTP.CD;Our World in Data CO2 dataset;Wikidata UN membership start (P463/P580),bulk_enriched
bz,Belize,Belize,BZ,BLZ,0.417072,2024,World Bank WDI SP.POP.TOTL,22966,mledoze/countries area,Americas,Central America,Latin America & Caribbean,Upper middle income,Blend,true,officially-assigned,true,Latin American and Caribbean Group,Belmopan,17.25,-88.75,mledoze/countries latlng,false,GTM;MEX,BZD,Belizean Creole;English;Spanish,1981,1981,1981,Wikidata UN membership start (P463/P580),medium,3203631800,2024,World Bank WDI NY.GDP.MKTP.CD,2024,0.796,1.909,,,22.518,7.173,7.948,1.148,19.056,4.218,10112.117,0.002,0.000,Our World in Data CO2 dataset,World Bank WDI SP.POP.TOTL;mledoze/countries area;World Bank WDI NY.GDP.MKTP.CD;Our World in Data CO2 dataset;Wikidata UN membership start (P463/P580),bulk_enriched
ca,Canada,Canada,CA,CAN,41.288599,2024,World Bank WDI SP.POP.TOTL,9984670,mledoze/countries area,Americas,North America,North America,High income,Not classified,true,officially-assigned,true,Western European and Others Group,Ottawa,60,-95,mledoze/countries latlng,false,USA,CAD,English;French,1867,1945,1945,Wikidata UN membership start (P463/P580),medium,2243636826633.76,2024,World Bank WDI NY.GDP.MKTP.CD,2024,533.340,13.420,,,35644.129,645.287,802.732,632.399,20.198,3886.195,97784.539,1.382,0.031,Our World in Data CO2 dataset,World Bank WDI SP.POP.TOTL;mledoze/countries area;World Bank WDI NY.GDP.MKTP.CD;Our World in Data CO2 dataset;Wikidata UN membership start (P463/P580),bulk_enriched
cc,Cocos (Keeling) Islands,Territory of the Cocos (Keeling) Islands,CC,CCK,1,,fallback_placeholder,14,mledoze/countries area,Oceania,Australia and New Zealand,,,,false,officially-assigned,false,,West Island,-12.5,96.83333333,mledoze/countries latlng,false,,AUD,English,1955,,1955,Wikidata inception (P571),low,,,,,,,,,,,,,,,,,,,fallback_placeholder;mledoze/countries area;Wikidata inception (P571),partial_enriched
cd,DR Congo,Democratic Republic of the Congo,CD,COD,109.276265,2024,World Bank WDI SP.POP.TOTL,2344858,mledoze/countries area,Africa,Middle Africa,Sub-Saharan Africa,Low income,IDA,true,officially-assigned,true,African Group,Kinshasa,0,25,mledoze/countries latlng,false,AGO;BDI;CAF;COG;RWA;SSD;TZA;UGA;ZMB,CDF,French;Kikongo;Lingala;Tshiluba;Swahili,1960,1960,1960,Wikidata UN membership start (P463/P580),medium,70962185790.71,2024,World Bank WDI NY.GDP.MKTP.CD,2024,5.904,0.054,,,238.700,654.101,680.714,46.108,6.229,34.145,312.462,0.015,0.011,Our World in Data CO2 dataset,World Bank WDI SP.POP.TOTL;mledoze/countries area;World Bank WDI NY.GDP.MKTP.CD;Our World in Data CO2 dataset;Wikidata UN membership start (P463/P580),bulk_enriched
cefta,CEFTA,CEFTA,CEFTA,,1,,fallback_placeholder,1,fallback_placeholder,unknown,unknown,,,,,,false,,,,,,,,,,,,1900,fallback_placeholder,none,,,,,,,,,,,,,,,,,,,fallback_placeholder,placeholder
cf,Central African Republic,Central African Republic,CF,CAF,5.33069,2024,World Bank WDI SP.POP.TOTL,622984,mledoze/countries area,Africa,Middle Africa,Sub-Saharan Africa,Low income,IDA,true,officially-assigned,true,African Group,Bangui,7,21,mledoze/countries latlng,true,CMR;TCD;COD;COG;SSD;SDN,XAF,French;Sango,1960,1960,1960,Wikidata UN membership start (P463/P580),medium,2751494281.07,2024,World Bank WDI NY.GDP.MKTP.CD,2024,0.395,0.074,,,12.341,50.659,68.664,3.263,12.881,1.901,356.651,0.001,0.000,Our World in Data CO2 dataset,World Bank WDI SP.POP.TOTL;mledoze/countries area;World Bank WDI NY.GDP.MKTP.CD;Our World in Data CO2 dataset;Wikidata UN membership start (P463/P580),bulk_enriched
cg,Congo,Republic of the Congo,CG,COG,6.332961,2024,World Bank WDI SP.POP.TOTL,342000,mledoze/countries area,Africa,Middle Africa,Sub-Saharan Africa,Lower middle income,Blend,true,officially-assigned,true,African Group,Brazzaville,-1,15,mledoze/countries latlng,false,AGO;CMR;CAF;COD;GAB,XAF,French;Kikongo;Lingala,1960,1960,1960,Wikidata UN membership start (P463/P580),medium,15719986076.65,2024,World Bank WDI NY.GDP.MKTP.CD,2024,8.840,1.396,,,191.077,26.166,41.879,22.750,6.613,24.432,3857.942,0.023,0.001,Our World in Data CO2 dataset,World Bank WDI SP.POP.TOTL;mledoze/countries area;World Bank WDI NY.GDP.MKTP.CD;Our World in Data CO2 dataset;Wikidata UN membership start (P463/P580),bulk_enriched
ch,Switzerland,Swiss Confederation,CH,CHE,9.005582,2024,World Bank WDI SP.POP.TOTL,41284,mledoze/countries area,Europe,Western Europe,Europe & Central Asia,High income,Not classified,true,officially-assigned,true,Western European and Others Group,Bern,47,8,mledoze/countries latlng,true,AUT;FRA;ITA;LIE;DEU,CHF,French;Swiss German;Italian;Romansh,1848,2002,2002,Wikidata UN membership start (P463/P580),medium,936564198048.52,2024,World Bank WDI NY.GDP.MKTP.CD,2024,32.072,3.595,,,3158.062,31.944,40.110,34.589,4.496,339.266,38025.828,0.083,0.002,Our World in Data CO2 dataset,World Bank WDI SP.POP.TOTL;mledoze/countries area;World Bank WDI NY.GDP.MKTP.CD;Our World in Data CO2 dataset;Wikidata UN membership start (P463/P580),bulk_enriched
ci,Ivory Coast,Republic of Côte d'Ivoire,CI,CIV,31.93423,2024,World Bank WDI SP.POP.TOTL,322463,mledoze/countries area,Africa,Western Africa,Sub-Saharan Africa,Lower middle income,Blend,true,officially-assigned,true,African Group,Yamoussoukro,8,-5,mledoze/countries latlng,false,BFA;GHA;GIN;LBR;MLI,XOF,French,1960,1960,1960,Wikidata UN membership start (P463/P580),medium,87113179149.28,2024,World Bank WDI NY.GDP.MKTP.CD,2024,14.829,0.464,,,400.111,252.400,140.715,24.884,4.406,83.415,2612.080,0.038,0.004,Our World in Data CO2 dataset,World Bank WDI SP.POP.TOTL;mledoze/countries area;World Bank WDI NY.GDP.MKTP.CD;Our World in Data CO2 dataset;Wikidata UN membership start (P463/P580),bulk_enriched
ck,Cook Islands,Cook Islands,CK,COK,0.01375,2024,Our World in Data CO2 population,236,mledoze/countries area,Oceania,Polynesia,,,,false,officially-assigned,false,,Avarua,-21.23333333,-159.76666666,mledoze/countries latlng,false,,CKD;NZD,English;Cook Islands Māori,1965,,1965,Wikidata inception (P571),low,,,,2024,0.080,5.824,,,2.685,0.080,0.088,0.088,6.421,0.504,36658.184,0.000,0.000,Our World in Data CO2 dataset,Our World in Data CO2 population;mledoze/countries area;Our World in Data CO2 dataset;Wikidata inception (P571),bulk_enriched
cl,Chile,Republic of Chile,CL,CHL,19.764771,2024,World Bank WDI SP.POP.TOTL,756102,mledoze/countries area,Americas,South America,Latin America & Caribbean,High income,IBRD,true,officially-assigned,true,Latin American and Caribbean Group,Santiago,-30,-71,mledoze/countries latlng,false,ARG;BOL;PER,CLP,Spanish,1810,1945,1945,Wikidata UN membership start (P463/P580),medium,330267137371.59,2024,World Bank WDI NY.GDP.MKTP.CD,2024,78.726,3.983,,,3324.852,88.317,104.400,95.082,5.282,518.732,26245.264,0.204,0.003,Our World in Data CO2 dataset,World Bank WDI SP.POP.TOTL;mledoze/countries area;World Bank WDI NY.GDP.MKTP.CD;Our World in Data CO2 dataset;Wikidata UN membership start (P463/P580),bulk_enriched
cm,Cameroon,Republic of Cameroon,CM,CMR,29.123744,2024,World Bank WDI SP.POP.TOTL,475442,mledoze/countries area,Africa,Middle Africa,Sub-Saharan Africa,Lower middle income,Blend,true,officially-assigned,true,African Group,Yaoundé,6,12,mledoze/countries latlng,false,CAF;TCD;COG;GNQ;GAB;NGA,XAF,English;French,1960,1960,1960,Wikidata UN membership start (P463/P580),medium,53296694320.21,2024,World Bank WDI NY.GDP.MKTP.CD,2024,9.632,0.331,,,309.245,33.085,64.827,23.764,2.226,35.029,1202.749,0.025,0.002,Our World in Data CO2 dataset,World Bank WDI SP.POP.TOTL;mledoze/countries area;World Bank WDI NY.GDP.MKTP.CD;Our World in Data CO2 dataset;Wikidata UN membership start (P463/P580),bulk_enriched
cn,China,People's Republic of China,CN,CHN,1408.975,2024,World Bank WDI SP.POP.TOTL,9706961,mledoze/countries area,Asia,Eastern Asia,East Asia & Pacific,Upper middle income,IBRD,true,officially-assigned,true,Asia and the Pacific Group,Beijing,35,105,mledoze/countries latlng,false,AFG;BTN;MMR;HKG;IND;KAZ;NPL;PRK;KGZ;LAO;MAC;MNG;PAK;RUS;TJK;VNM,CNY,Chinese,1949,1971,1971,Wikidata UN membership start (P463/P580),medium,18743803170827.2,2024,World Bank WDI NY.GDP.MKTP.CD,2024,12289.037,8.658,,,285087.031,11969.620,14107.007,13698.566,9.939,48987.102,34514.457,31.838,0.155,Our World in Data CO2 dataset,World Bank WDI SP.POP.TOTL;mledoze/countries area;World Bank WDI NY.GDP.MKTP.CD;Our World in Data CO2 dataset;Wikidata UN membership start (P463/P580),bulk_enriched
co,Colombia,Republic of Colombia,CO,COL,52.886363,2024,World Bank WDI SP.POP.TOTL,1141748,mledoze/countries area,Americas,South America,Latin America & Caribbean,Upper middle income,IBRD,true,officially-assigned,true,Latin American and Caribbean Group,Bogotá,4,-72,mledoze/countries latlng,false,BRA;ECU;PAN;PER;VEN,COP,Spanish,1810,1945,1945,Wikidata UN membership start (P463/P580),medium,418818154879.27,2024,World Bank WDI NY.GDP.MKTP.CD,2024,92.659,1.752,,,3802.047,107.191,248.280,130.949,4.695,615.888,11645.494,0.240,0.011,Our World in Data CO2 dataset,World Bank WDI SP.POP.TOTL;mledoze/countries area;World Bank WDI NY.GDP.MKTP.CD;Our World in Data CO2 dataset;Wikidata UN membership start (P463/P580),bulk_enriched
cp,CP,CP,CP,,1,,fallback_placeholder,6,Wikidata P2046 area,unknown,unknown,,,,,,false,,,,,,,,,,,,1900,fallback_placeholder,none,,,,,,,,,,,,,,,,,,,fallback_placeholder;Wikidata P2046 area,placeholder
cr,Costa Rica,Republic of Costa Rica,CR,CRI,5.12991,2024,World Bank WDI SP.POP.TOTL,51100,mledoze/countries area,Americas,Central America,Latin America & Caribbean,High income,IBRD,true,officially-assigned,true,Latin American and Caribbean Group,San José,10,-84,mledoze/countries latlng,false,NIC;PAN,CRC,Spanish,1821,1945,1945,Wikidata UN membership start (P463/P580),medium,95350423176.6,2024,World Bank WDI NY.GDP.MKTP.CD,2024,8.760,1.708,,,285.803,7.774,14.982,11.555,2.921,49.387,9627.194,0.023,0.001,Our World in Data CO2 dataset,World Bank WDI SP.POP.TOTL;mledoze/countries area;World Bank WDI NY.GDP.MKTP.CD;Our World in Data CO2 dataset;Wikidata UN membership start (P463/P580),bulk_enriched
cu,Cuba,Republic of Cuba,CU,CUB,10.979783,2024,World Bank WDI SP.POP.TOTL,109884,mledoze/countries area,Americas,Caribbean,Latin America & Caribbean,Upper middle income,Not classified,true,officially-assigned,true,Latin American and Caribbean Group,Havana,21.5,-80,mledoze/countries latlng,false,,CUC;CUP,Spanish,1898,1945,1945,Wikidata UN membership start (P463/P580),medium,107352000000,2020,World Bank WDI NY.GDP.MKTP.CD,2024,24.440,2.226,,,1814.111,24.344,39.441,30.574,3.592,84.257,7673.817,0.063,0.002,Our World in Data CO2 dataset,World Bank WDI SP.POP.TOTL;mledoze/countries area;World Bank WDI NY.GDP.MKTP.CD;Our World in Data CO2 dataset;Wikidata UN membership start (P463/P580),bulk_enriched
cv,Cape Verde,Republic of Cabo Verde,CV,CPV,0.524877,2024,World Bank WDI SP.POP.TOTL,4033,mledoze/countries area,Africa,Western Africa,Sub-Saharan Africa,Upper middle income,Blend,true,officially-assigned,true,African Group,Praia,16,-24,mledoze/countries latlng,false,,CVE,Portuguese,1975,1975,1975,Wikidata UN membership start (P463/P580),medium,2725414150.73,2024,World Bank WDI NY.GDP.MKTP.CD,2024,0.594,1.131,,,16.916,0.597,0.844,0.722,1.608,3.113,5931.509,0.002,0.000,Our World in Data CO2 dataset,World Bank WDI SP.POP.TOTL;mledoze/countries area;World Bank WDI NY.GDP.MKTP.CD;Our World in Data CO2 dataset;Wikidata UN membership start (P463/P580),bulk_enriched
cw,Curaçao,Country of Curaçao,CW,CUW,0.155967,2024,World Bank WDI SP.POP.TOTL,444,mledoze/countries area,Americas,Caribbean,Latin America & Caribbean,High income,Not classified,false,officially-assigned,false,,Willemstad,12.116667,-68.933333,mledoze/countries latlng,false,,ANG,English;Dutch;Papiamento,1954,,1954,Wikidata inception (P571),low,3561178196.21,2024,World Bank WDI NY.GDP.MKTP.CD,2024,2.290,12.344,,,531.974,,,,,,,0.006,0.000,Our World in Data CO2 dataset,World Bank WDI SP.POP.TOTL;mledoze/countries area;World Bank WDI NY.GDP.MKTP.CD;Our World in Data CO2 dataset;Wikidata inception (P571),bulk_enriched
cx,Christmas Island,Territory of Christmas Island,CX,CXR,1,,fallback_placeholder,135,mledoze/countries area,Oceania,Australia and New Zealand,,,,false,officially-assigned,false,,Flying Fish Cove,-10.5,105.66666666,mledoze/countries latlng,false,,AUD,English,1958,,1958,Wikidata inception (P571),low,,,,2024,0.000,,,,1.330,,,,,,,0.000,0.000,Our World in Data CO2 dataset,fallback_placeholder;mledoze/countries area;Our World in Data CO2 dataset;Wikidata inception (P571),partial_enriched
cy,Cyprus,Republic of Cyprus,CY,CYP,1.358282,2024,World Bank WDI SP.POP.TOTL,9251,mledoze/countries area,Europe,Southern Europe,Europe & Central Asia,High income,Not classified,true,officially-assigned,true,Asia and the Pacific Group,Nicosia,35,33,mledoze/countries latlng,false,,EUR,Greek;Turkish,1960,1960,1960,Wikidata UN membership start (P463/P580),medium,37634533331.89,2024,World Bank WDI NY.GDP.MKTP.CD,2024,7.299,5.374,,,321.552,6.395,9.493,9.598,6.989,33.348,24551.195,0.019,0.000,Our World in Data CO2 dataset,World Bank WDI SP.POP.TOTL;mledoze/countries area;World Bank WDI NY.GDP.MKTP.CD;Our World in Data CO2 dataset;Wikidata UN membership start (P463/P580),bulk_enriched
cz,Czechia,Czech Republic,CZ,CZE,10.905028,2024,World Bank WDI SP.POP.TOTL,78865,mledoze/countries area,Europe,Central Europe,Europe & Central Asia,High income,Not classified,true,officially-assigned,true,Eastern European Group,Prague,49.75,15.5,mledoze/countries latlng,true,AUT;DEU;POL;SVK,CZK,Czech;Slovak,1993,1993,1993,Wikidata UN membership start (P463/P580),medium,347034062928.48,2024,World Bank WDI NY.GDP.MKTP.CD,2024,75.623,7.044,,,12331.785,69.942,84.448,88.489,7.866,392.823,36589.773,0.196,0.006,Our World in Data CO2 dataset,World Bank WDI SP.POP.TOTL;mledoze/countries area;World Bank WDI NY.GDP.MKTP.CD;Our World in Data CO2 dataset;Wikidata UN membership start (P463/P580),bulk_enriched
de,Germany,Federal Republic of Germany,DE,DEU,83.516593,2024,World Bank WDI SP.POP.TOTL,357114,mledoze/countries area,Europe,Western Europe,Europe & Central Asia,High income,Not classified,true,officially-assigned,true,Western European and Others Group,Berlin,51,9,mledoze/countries latlng,false,AUT;BEL;CZE;DNK;FRA;LUX;NLD;POL;CHE,EUR,German,1949,1973,1973,Wikidata UN membership start (P463/P580),medium,4685592577804.69,2024,World Bank WDI NY.GDP.MKTP.CD,2024,572.319,6.769,,,95135.680,567.339,659.655,608.397,7.802,3195.441,37792.512,1.483,0.043,Our World in Data CO2 dataset,World Bank WDI SP.POP.TOTL;mledoze/countries area;World Bank WDI NY.GDP.MKTP.CD;Our World in Data CO2 dataset;Wikidata UN membership start (P463/P580),bulk_enriched
dg,DG,DG,DG,,1,,fallback_placeholder,30,Wikidata P2046 area,unknown,unknown,,,,,,false,,,,,,,,,,,,1900,fallback_placeholder,none,,,,,,,,,,,,,,,,,,,fallback_placeholder;Wikidata P2046 area,placeholder
dj,Djibouti,Republic of Djibouti,DJ,DJI,1.168722,2024,World Bank WDI SP.POP.TOTL,23200,mledoze/countries area,Africa,Eastern Africa,"Middle East, North Africa, Afghanistan & Pakistan",Lower middle income,IDA,true,officially-assigned,true,African Group,Djibouti,11.5,43,mledoze/countries latlng,false,ERI;ETH;SOM,DJF,Arabic;French,1977,1977,1977,Wikidata UN membership start (P463/P580),medium,4152145939.98,2024,World Bank WDI NY.GDP.MKTP.CD,2024,0.564,0.483,,,21.121,0.665,2.114,1.316,1.809,3.508,3001.877,0.001,0.000,Our World in Data CO2 dataset,World Bank WDI SP.POP.TOTL;mledoze/countries area;World Bank WDI NY.GDP.MKTP.CD;Our World in Data CO2 dataset;Wikidata UN membership start (P463/P580),bulk_enriched
dk,Denmark,Kingdom of Denmark,DK,DNK,5.976992,2024,World Bank WDI SP.POP.TOTL,43094,mledoze/countries area,Europe,Northern Europe,Europe & Central Asia,High income,Not classified,true,officially-assigned,true,Western European and Others Group,Copenhagen,56,10,mledoze/countries latlng,false,DEU,DKK,Danish,0800,,0800,Wikidata inception (P571),low,424524722037.05,2024,World Bank WDI NY.GDP.MKTP.CD,2024,28.369,4.746,,,4199.661,30.325,45.939,33.309,7.685,196.253,32832.465,0.073,0.002,Our World in Data CO2 dataset,World Bank WDI SP.POP.TOTL;mledoze/countries area;World Bank WDI NY.GDP.MKTP.CD;Our World in Data CO2 dataset;Wikidata inception (P571),bulk_enriched
dm,Dominica,Commonwealth of Dominica,DM,DMA,0.066205,2024,World Bank WDI SP.POP.TOTL,751,mledoze/countries area,Americas,Caribbean,Latin America & Caribbean,Upper middle income,Blend,true,officially-assigned,true,Latin American and Caribbean Group,Roseau,15.41666666,-61.33333333,mledoze/countries latlng,false,,XCD,English,1978,1978,1978,Wikidata UN membership start (P463/P580),medium,688881481.48,2024,World Bank WDI NY.GDP.MKTP.CD,2024,0.171,2.580,,,5.494,0.079,0.205,0.204,3.095,0.774,11692.853,0.000,0.000,Our World in Data CO2 dataset,World Bank WDI SP.POP.TOTL;mledoze/countries area;World Bank WDI NY.GDP.MKTP.CD;Our World in Data CO2 dataset;Wikidata UN membership start (P463/P580),bulk_enriched
do,Dominican Republic,Dominican Republic,DO,DOM,11.427557,2024,World Bank WDI SP.POP.TOTL,48671,mledoze/countries area,Americas,Caribbean,Latin America & Caribbean,Upper middle income,IBRD,true,officially-assigned,true,Latin American and Caribbean Group,Santo Domingo,19,-70.66666666,mledoze/countries latlng,false,HTI,DOP,Spanish,1844,1945,1945,Wikidata UN membership start (P463/P580),medium,124282245638.57,2024,World Bank WDI NY.GDP.MKTP.CD,2024,33.131,2.899,,,869.154,33.240,48.538,38.834,4.247,140.020,12252.859,0.086,0.001,Our World in Data CO2 dataset,World Bank WDI SP.POP.TOTL;mledoze/countries area;World Bank WDI NY.GDP.MKTP.CD;Our World in Data CO2 dataset;Wikidata UN membership start (P463/P580),bulk_enriched
dz,Algeria,People's Democratic Republic of Algeria,DZ,DZA,46.814308,2024,World Bank WDI SP.POP.TOTL,2381741,mledoze/countries area,Africa,Northern Africa,"Middle East, North Africa, Afghanistan & Pakistan",Upper middle income,IBRD,true,officially-assigned,true,African Group,Algiers,28,3,mledoze/countries latlng,false,TUN;LBY;NER;ESH;MRT;MLI;MAR,DZD,Arabic,1962,1962,1962,Wikidata UN membership start (P463/P580),medium,269322281664.77,2024,World Bank WDI NY.GDP.MKTP.CD,2024,198.203,4.234,,,5476.568,200.742,276.134,262.396,5.898,760.133,16237.188,0.513,0.003,Our World in Data CO2 dataset,World Bank WDI SP.POP.TOTL;mledoze/countries area;World Bank WDI NY.GDP.MKTP.CD;Our World in Data CO2 dataset;Wikidata UN membership start (P463/P580),bulk_enriched
eac,EAC,EAC,EAC,,1,,fallback_placeholder,1,fallback_placeholder,unknown,unknown,,,,,,false,,,,,,,,,,,,1900,fallback_placeholder,none,,,,,,,,,,,,,,,,,,,fallback_placeholder,placeholder
ec,Ecuador,Republic of Ecuador,EC,ECU,18.135478,2024,World Bank WDI SP.POP.TOTL,276841,mledoze/countries area,Americas,South America,Latin America & Caribbean,Upper middle income,IBRD,true,officially-assigned,true,Latin American and Caribbean Group,Quito,-2,-77.5,mledoze/countries latlng,false,COL;PER,USD,Spanish,1840,1945,1945,Wikidata UN membership start (P463/P580),medium,124676074700,2024,World Bank WDI NY.GDP.MKTP.CD,2024,45.980,2.535,,,1391.196,33.803,63.137,60.153,3.481,230.721,12722.083,0.119,0.003,Our World in Data CO2 dataset,World Bank WDI SP.POP.TOTL;mledoze/countries area;World Bank WDI NY.GDP.MKTP.CD;Our World in Data CO2 dataset;Wikidata UN membership start (P463/P580),bulk_enriched
ee,Estonia,Republic of Estonia,EE,EST,1.372341,2024,World Bank WDI SP.POP.TOTL,45227,mledoze/countries area,Europe,Northern Europe,Europe & Central Asia,High income,Not classified,true,officially-assigned,true,Eastern European Group,Tallinn,59,26,mledoze/countries latlng,false,LVA;RUS,EUR,Estonian,1918,1991,1991,Wikidata UN membership start (P463/P580),medium,43130419829.35,2024,World Bank WDI NY.GDP.MKTP.CD,2024,8.307,6.105,,,1668.452,8.099,12.116,9.157,8.905,55.764,40986.305,0.022,0.001,Our World in Data CO2 dataset,World Bank WDI SP.POP.TOTL;mledoze/countries area;World Bank WDI NY.GDP.MKTP.CD;Our World in Data CO2 dataset;Wikidata UN membership start (P463/P580),bulk_enriched
eg,Egypt,Arab Republic of Egypt,EG,EGY,116.538258,2024,World Bank WDI SP.POP.TOTL,1002450,mledoze/countries area,Africa,Northern Africa,"Middle East, North Africa, Afghanistan & Pakistan",Lower middle income,IBRD,true,officially-assigned,true,African Group,Cairo,27,30,mledoze/countries latlng,false,ISR;LBY;PSE;SDN,EGP,Arabic,1922,1971,1971,Wikidata UN membership start (P463/P580),medium,389059911003.57,2024,World Bank WDI NY.GDP.MKTP.CD,2024,258.368,2.217,,,7471.490,261.164,332.462,306.300,2.853,1125.860,9660.864,0.669,0.003,Our World in Data CO2 dataset,World Bank WDI SP.POP.TOTL;mledoze/countries area;World Bank WDI NY.GDP.MKTP.CD;Our World in Data CO2 dataset;Wikidata UN membership start (P463/P580),bulk_enriched
eh,Western Sahara,Sahrawi Arab Democratic Republic,EH,ESH,0.590506,2024,UN DESA World Population Prospects 2024 (medium variant),266000,mledoze/countries area,Africa,Northern Africa,,,,false,officially-assigned,false,,El Aaiún,24.5,-13,mledoze/countries latlng,false,DZA;MRT;MAR,DZD;MAD;MRU,Berber;Hassaniya;Spanish,,,1900,fallback_placeholder,none,,,,,,,,,,,,,,,,,,,UN DESA World Population Prospects 2024;mledoze/countries area,partial_enriched
er,Eritrea,State of Eritrea,ER,ERI,3.535603,2024,World Bank WDI SP.POP.TOTL,117600,mledoze/countries area,Africa,Eastern Africa,Sub-Saharan Africa,Low income,IDA,true,officially-assigned,true,African Group,Asmara,15,39,mledoze/countries latlng,false,DJI;ETH;SDN,ERN,Arabic;English;Tigrinya,1993,1993,1993,Wikidata UN membership start (P463/P580),medium,,,,2024,0.743,0.210,,,19.103,8.152,10.419,2.284,2.947,3.137,887.372,0.002,0.000,Our World in Data CO2 dataset,World Bank WDI SP.POP.TOTL;mledoze/countries area;Our World in Data CO2 dataset;Wikidata UN membership start (P463/P580),bulk_enriched
es-ct,ES-CT,ES-CT,ES-CT,,1,,fallback_placeholder,1,fallback_placeholder,unknown,unknown,,,,,,false,,,,,,,,,,,,1900,fallback_placeholder,none,,,,,,,,,,,,,,,,,,,fallback_placeholder,placeholder
es-ga,ES-GA,ES-GA,ES-GA,,1,,fallback_placeholder,1,fallback_placeholder,unknown,unknown,,,,,,false,,,,,,,,,,,,1900,fallback_placeholder,none,,,,,,,,,,,,,,,,,,,fallback_placeholder,placeholder
es-pv,ES-PV,ES-PV,ES-PV,,1,,fallback_placeholder,1,fallback_placeholder,unknown,unknown,,,,,,false,,,,,,,,,,,,1900,fallback_placeholder,none,,,,,,,,,,,,,,,,,,,fallback_placeholder,placeholder
es,Spain,Kingdom of Spain,ES,ESP,48.84884,2024,World Bank WDI SP.POP.TOTL,505992,mledoze/countries area,Europe,Southern Europe,Europe & Central Asia,High income,Not classified,true,officially-assigned,true,Western European and Others Group,Madrid,40,-4,mledoze/countries latlng,false,AND;FRA;GIB;PRT;MAR,EUR,Spanish,1516,1955,1955,Wikidata UN membership start (P463/P580),medium,1725671652742.19,2024,World Bank WDI NY.GDP.MKTP.CD,2024,220.341,4.599,,,15700.227,209.877,275.092,244.479,5.742,1624.246,33901.656,0.571,0.008,Our World in Data CO2 dataset,World Bank WDI SP.POP.TOTL;mledoze/countries area;World Bank WDI NY.GDP.MKTP.CD;Our World in Data CO2 dataset;Wikidata UN membership start (P463/P580),bulk_enriched
et,Ethiopia,Federal Democratic Republic of Ethiopia,ET,ETH,132.059767,2024,World Bank WDI SP.POP.TOTL,1104300,mledoze/countries area,Africa,Eastern Africa,Sub-Saharan Africa,Not classified,IDA,true,officially-assigned,true,African Group,Addis Ababa,8,38,mledoze/countries latlng,true,DJI;ERI;KEN;SOM;SSD;SDN,ETB,Amharic,1995,1945,1945,Wikidata UN membership start (P463/P580),medium,149740297952.99,2024,World Bank WDI NY.GDP.MKTP.CD,2024,17.837,0.135,,,330.228,231.873,247.136,58.908,1.871,90.554,685.708,0.046,0.003,Our World in Data CO2 dataset,World Bank WDI SP.POP.TOTL;mledoze/countries area;World Bank WDI NY.GDP.MKTP.CD;Our World in Data CO2 dataset;Wikidata UN membership start (P463/P580),bulk_enriched
eu,EU,EU,EU,,1,,fallback_placeholder,1,fallback_placeholder,unknown,unknown,,,,,,false,,,,,,,,,,,,1900,fallback_placeholder,none,,,,,,,,,,,,,,,,,,,fallback_placeholder,placeholder
fi,Finland,Republic of Finland,FI,FIN,5.619911,2024,World Bank WDI SP.POP.TOTL,338424,mledoze/countries area,Europe,Northern Europe,Europe & Central Asia,High income,Not classified,true,officially-assigned,true,Western European and Others Group,Helsinki,64,26,mledoze/countries latlng,false,NOR;SWE;RUS,EUR,Finnish;Swedish,1917,1955,1955,Wikidata UN membership start (P463/P580),medium,298696961297.66,2024,World Bank WDI NY.GDP.MKTP.CD,2024,29.775,5.301,,,3324.779,63.028,87.955,35.647,15.658,334.594,59564.754,0.077,0.003,Our World in Data CO2 dataset,World Bank WDI SP.POP.TOTL;mledoze/countries area;World Bank WDI NY.GDP.MKTP.CD;Our World in Data CO2 dataset;Wikidata UN membership start (P463/P580),bulk_enriched
fj,Fiji,Republic of Fiji,FJ,FJI,0.928784,2024,World Bank WDI SP.POP.TOTL,18272,mledoze/countries area,Oceania,Melanesia,East Asia & Pacific,Upper middle income,Blend,true,officially-assigned,true,Asia and the Pacific Group,Suva,-18,175,mledoze/countries latlng,false,,FJD,English;Fijian;Fiji Hindi,1970,1970,1970,Wikidata UN membership start (P463/P580),medium,5968125909.27,2024,World Bank WDI NY.GDP.MKTP.CD,2024,1.445,1.556,,,54.066,0.365,1.307,1.994,1.408,10.171,10950.276,0.004,0.000,Our World in Data CO2 dataset,World Bank WDI SP.POP.TOTL;mledoze/countries area;World Bank WDI NY.GDP.MKTP.CD;Our World in Data CO2 dataset;Wikidata UN membership start (P463/P580),bulk_enriched
fk,Falkland Islands,Falkland Islands,FK,FLK,1,,fallback_placeholder,12173,mledoze/countries area,Americas,South America,,,,false,officially-assigned,false,,Stanley,-51.75,-59,mledoze/countries latlng,false,,FKP,English,1833,,1833,Wikidata inception (P571),low,,,,,,,,,,,,,,,,,,,fallback_placeholder;mledoze/countries area;Wikidata inception (P571),partial_enriched
fm,Micronesia,Federated States of Micronesia,FM,FSM,0.11316,2024,World Bank WDI SP.POP.TOTL,702,mledoze/countries area,Oceania,Micronesia,East Asia & Pacific,Lower middle income,IDA,true,officially-assigned,true,Asia and the Pacific Group,Palikir,6.91666666,158.25,mledoze/countries latlng,false,,,English,1986,1991,1991,Wikidata UN membership start (P463/P580),medium,471425099.49,2024,World Bank WDI NY.GDP.MKTP.CD,2024,0.151,1.331,,,4.858,0.151,0.207,0.156,1.831,0.702,6204.322,0.000,0.000,Our World in Data CO2 dataset,World Bank WDI SP.POP.TOTL;mledoze/countries area;World Bank WDI NY.GDP.MKTP.CD;Our World in Data CO2 dataset;Wikidata UN membership start (P463/P580),bulk_enriched
fo,Faroe Islands,Faroe Islands,FO,FRO,0.054681,2024,World Bank WDI SP.POP.TOTL,1393,mledoze/countries area,Europe,Northern Europe,Europe & Central Asia,High income,Not classified,false,officially-assigned,false,,Tórshavn,62,-7,mledoze/countries latlng,false,,DKK;FOK,Danish;Faroese,1948,,1948,Wikidata inception (P571),low,4052937169.77,2024,World Bank WDI NY.GDP.MKTP.CD,2024,0.725,13.089,,,33.661,,,,,3.582,64641.762,0.002,0.000,Our World in Data CO2 dataset,World Bank WDI SP.POP.TOTL;mledoze/countries area;World Bank WDI NY.GDP.MKTP.CD;Our World in Data CO2 dataset;Wikidata inception (P571),bulk_enriched
fr,France,French Republic,FR,FRA,68.551653,2024,World Bank WDI SP.POP.TOTL,551695,mledoze/countries area,Europe,Western Europe,Europe & Central Asia,High income,Not classified,true,officially-assigned,true,Western European and Others Group,Paris,46,2,mledoze/countries latlng,false,AND;BEL;DEU;ITA;LUX;MCO;ESP;CHE,EUR,French,0481,1945,843,previous_worked_example,worked_example,3160442622465.08,2024,World Bank WDI NY.GDP.MKTP.CD,2024,264.156,3.969,,,40047.566,251.925,337.876,294.260,5.077,2519.901,37865.609,0.684,0.017,Our World in Data CO2 dataset,World Bank WDI SP.POP.TOTL;mledoze/countries area;World Bank WDI NY.GDP.MKTP.CD;Our World in Data CO2 dataset;previous_worked_example,bulk_enriched
ga,Gabon,Gabonese Republic,GA,GAB,2.538952,2024,World Bank WDI SP.POP.TOTL,267668,mledoze/countries area,Africa,Middle Africa,Sub-Saharan Africa,Upper middle income,IBRD,true,officially-assigned,true,African Group,Libreville,-1,11.75,mledoze/countries latlng,false,CMR;COG;GNQ,XAF,French,1960,1960,1960,Wikidata UN membership start (P463/P580),medium,20895684425.68,2024,World Bank WDI NY.GDP.MKTP.CD,2024,5.399,2.126,,,307.085,12.767,27.384,19.821,10.786,17.172,6763.356,0.014,0.001,Our World in Data CO2 dataset,World Bank WDI SP.POP.TOTL;mledoze/countries area;World Bank WDI NY.GDP.MKTP.CD;Our World in Data CO2 dataset;Wikidata UN membership start (P463/P580),bulk_enriched
gb-eng,GB-ENG,GB-ENG,GB-ENG,,1,,fallback_placeholder,1,fallback_placeholder,unknown,unknown,,,,,,false,,,,,,,,,,,,1900,fallback_placeholder,none,,,,,,,,,,,,,,,,,,,fallback_placeholder,placeholder
gb-nir,GB-NIR,GB-NIR,GB-NIR,,1,,fallback_placeholder,1,fallback_placeholder,unknown,unknown,,,,,,false,,,,,,,,,,,,1900,fallback_placeholder,none,,,,,,,,,,,,,,,,,,,fallback_placeholder,placeholder
gb-sct,GB-SCT,GB-SCT,GB-SCT,,1,,fallback_placeholder,1,fallback_placeholder,unknown,unknown,,,,,,false,,,,,,,,,,,,1900,fallback_placeholder,none,,,,,,,,,,,,,,,,,,,fallback_placeholder,placeholder
gb-wls,GB-WLS,GB-WLS,GB-WLS,,1,,fallback_placeholder,1,fallback_placeholder,unknown,unknown,,,,,,false,,,,,,,,,,,,1900,fallback_placeholder,none,,,,,,,,,,,,,,,,,,,fallback_placeholder,placeholder
gb,United Kingdom,United Kingdom of Great Britain and Northern Ireland,GB,GBR,69.226,2024,World Bank WDI SP.POP.TOTL,242900,mledoze/countries area,Europe,Northern Europe,Europe & Central Asia,High income,Not classified,true,officially-assigned,true,Western European and Others Group,London,54,-2,mledoze/countries latlng,false,IRL,GBP,English,1801,1945,1945,Wikidata UN membership start (P463/P580),medium,3686033044482.13,2024,World Bank WDI NY.GDP.MKTP.CD,2024,312.906,4.526,,,80079.445,308.374,390.275,334.159,5.645,1936.960,28015.771,0.811,0.036,Our World in Data CO2 dataset,World Bank WDI SP.POP.TOTL;mledoze/countries area;World Bank WDI NY.GDP.MKTP.CD;Our World in Data CO2 dataset;Wikidata UN membership start (P463/P580),bulk_enriched
gd,Grenada,Grenada,GD,GRD,0.117207,2024,World Bank WDI SP.POP.TOTL,344,mledoze/countries area,Americas,Caribbean,Latin America & Caribbean,Upper middle income,Blend,true,officially-assigned,true,Latin American and Caribbean Group,St. George's,12.11666666,-61.66666666,mledoze/countries latlng,false,,XCD,English,1974,1974,1974,Wikidata UN membership start (P463/P580),medium,1371918518.52,2024,World Bank WDI NY.GDP.MKTP.CD,2024,0.377,3.216,,,9.649,0.293,0.404,0.419,3.444,1.679,14321.675,0.001,0.000,Our World in Data CO2 dataset,World Bank WDI SP.POP.TOTL;mledoze/countries area;World Bank WDI NY.GDP.MKTP.CD;Our World in Data CO2 dataset;Wikidata UN membership start (P463/P580),bulk_enriched
ge,Georgia,Georgia,GE,GEO,3.699557,2024,World Bank WDI SP.POP.TOTL,69700,mledoze/countries area,Asia,Western Asia,Europe & Central Asia,Upper middle income,IBRD,true,officially-assigned,true,Eastern European Group,Tbilisi,42,43.5,mledoze/countries latlng,false,ARM;AZE;RUS;TUR,GEL,Georgian,1991,1992,1992,Wikidata UN membership start (P463/P580),medium,34189423545,2024,World Bank WDI NY.GDP.MKTP.CD,2024,11.784,3.095,,,662.384,5.141,12.429,14.820,3.264,71.577,18798.164,0.031,0.000,Our World in Data CO2 dataset,World Bank WDI SP.POP.TOTL;mledoze/countries area;World Bank WDI NY.GDP.MKTP.CD;Our World in Data CO2 dataset;Wikidata UN membership start (P463/P580),bulk_enriched
gf,French Guiana,Guiana,GF,GUF,1,,fallback_placeholder,83534,mledoze/countries area,Americas,South America,,,,false,officially-assigned,false,,Cayenne,4,-53,mledoze/countries latlng,false,BRA;SUR,EUR,French,1946,,1946,Wikidata inception (P571),low,,,,,,,,,,,,,,,,,,,fallback_placeholder;mledoze/countries area;Wikidata inception (P571),partial_enriched
gg,Guernsey,Bailiwick of Guernsey,GG,GGY,1,,fallback_placeholder,78,mledoze/countries area,Europe,Northern Europe,,,,false,officially-assigned,false,,St. Peter Port,49.46666666,-2.58333333,mledoze/countries latlng,false,,GBP;GGP,English;French;Guernésiais,1204,,1204,Wikidata inception (P571),low,,,,,,,,,,,,,,,,,,,fallback_placeholder;mledoze/countries area;Wikidata inception (P571),partial_enriched
gh,Ghana,Republic of Ghana,GH,GHA,34.427414,2024,World Bank WDI SP.POP.TOTL,238533,mledoze/countries area,Africa,Western Africa,Sub-Saharan Africa,Lower middle income,IDA,true,officially-assigned,true,African Group,Accra,8,-2,mledoze/countries latlng,false,BFA;CIV;TGO,GHS,English,1957,1957,1957,Wikidata UN membership start (P463/P580),medium,82308110386.46,2024,World Bank WDI NY.GDP.MKTP.CD,2024,21.022,0.611,,,426.536,34.556,52.005,34.650,1.511,112.348,3263.342,0.054,0.001,Our World in Data CO2 dataset,World Bank WDI SP.POP.TOTL;mledoze/countries area;World Bank WDI NY.GDP.MKTP.CD;Our World in Data CO2 dataset;Wikidata UN membership start (P463/P580),bulk_enriched
gi,Gibraltar,Gibraltar,GI,GIB,0.039329,2024,World Bank WDI SP.POP.TOTL,6,mledoze/countries area,Europe,Southern Europe,Europe & Central Asia,High income,Not classified,false,officially-assigned,false,,Gibraltar,36.13333333,-5.35,mledoze/countries latlng,false,ESP,GIP,English,1704,,1704,Wikidata inception (P571),low,,,,,,,,,,,,,,,,,,,World Bank WDI SP.POP.TOTL;mledoze/countries area;Wikidata inception (P571),bulk_enriched
gl,Greenland,Greenland,GL,GRL,0.056836,2024,World Bank WDI SP.POP.TOTL,2166086,mledoze/countries area,Americas,North America,Europe & Central Asia,High income,Not classified,false,officially-assigned,false,,Nuuk,72,-40,mledoze/countries latlng,false,,DKK,Greenlandic,,,1900,fallback_placeholder,none,3326543974.39,2023,World Bank WDI NY.GDP.MKTP.CD,2024,0.619,11.080,,,35.194,,,,,2.700,48337.336,0.002,0.000,Our World in Data CO2 dataset,World Bank WDI SP.POP.TOTL;mledoze/countries area;World Bank WDI NY.GDP.MKTP.CD;Our World in Data CO2 dataset;fallback_placeholder,bulk_enriched
gm,Gambia,Republic of the Gambia,GM,GMB,2.759988,2024,World Bank WDI SP.POP.TOTL,10689,mledoze/countries area,Africa,Western Africa,Sub-Saharan Africa,Low income,IDA,true,officially-assigned,true,African Group,Banjul,13.46666666,-16.56666666,mledoze/countries latlng,false,SEN,GMD,English,1965,1965,1965,Wikidata UN membership start (P463/P580),medium,2404888749.22,2024,World Bank WDI NY.GDP.MKTP.CD,2024,0.803,0.291,,,17.677,1.116,2.937,1.425,1.064,2.301,833.630,0.002,0.000,Our World in Data CO2 dataset,World Bank WDI SP.POP.TOTL;mledoze/countries area;World Bank WDI NY.GDP.MKTP.CD;Our World in Data CO2 dataset;Wikidata UN membership start (P463/P580),bulk_enriched
gn,Guinea,Republic of Guinea,GN,GIN,14.754785,2024,World Bank WDI SP.POP.TOTL,245857,mledoze/countries area,Africa,Western Africa,Sub-Saharan Africa,Lower middle income,IDA,true,officially-assigned,true,African Group,Conakry,11,-10,mledoze/countries latlng,false,CIV;GNB;LBR;MLI;SEN;SLE,GNF,French,1958,1958,1958,Wikidata UN membership start (P463/P580),medium,25008678293.41,2024,World Bank WDI NY.GDP.MKTP.CD,2024,4.026,0.273,,,105.936,53.829,78.531,9.331,5.322,21.888,1483.470,0.010,0.002,Our World in Data CO2 dataset,World Bank WDI SP.POP.TOTL;mledoze/countries area;World Bank WDI NY.GDP.MKTP.CD;Our World in Data CO2 dataset;Wikidata UN membership start (P463/P580),bulk_enriched
gp,Guadeloupe,Guadeloupe,GP,GLP,1,,fallback_placeholder,1628,mledoze/countries area,Americas,Caribbean,,,,false,officially-assigned,false,,Basse-Terre,16.25,-61.583333,mledoze/countries latlng,false,,EUR,French,1946,,1946,Wikidata inception (P571),low,,,,,,,,,,,,,,,,,,,fallback_placeholder;mledoze/countries area;Wikidata inception (P571),partial_enriched
gq,Equatorial Guinea,Republic of Equatorial Guinea,GQ,GNQ,1.892516,2024,World Bank WDI SP.POP.TOTL,28051,mledoze/countries area,Africa,Middle Africa,Sub-Saharan Africa,Upper middle income,IBRD,true,officially-assigned,true,African Group,Malabo,2,10,mledoze/countries latlng,false,CMR;GAB,XAF,French;Portuguese;Spanish,1968,1968,1968,Wikidata UN membership start (P463/P580),medium,12765777677.06,2024,World Bank WDI NY.GDP.MKTP.CD,2024,7.010,3.704,,,163.384,8.383,11.687,9.737,6.175,31.068,16416.217,0.018,0.000,Our World in Data CO2 dataset,World Bank WDI SP.POP.TOTL;mledoze/countries area;World Bank WDI NY.GDP.MKTP.CD;Our World in Data CO2 dataset;Wikidata UN membership start (P463/P580),bulk_enriched
gr,Greece,Hellenic Republic,GR,GRC,10.405134,2024,World Bank WDI SP.POP.TOTL,131990,mledoze/countries area,Europe,Southern Europe,Europe & Central Asia,High income,Not classified,true,officially-assigned,true,Western European and Others Group,Athens,39,22,mledoze/countries latlng,false,ALB;BGR;TUR;MKD,EUR,Greek,1821,1945,1945,Wikidata UN membership start (P463/P580),medium,256238371778.12,2024,World Bank WDI NY.GDP.MKTP.CD,2024,53.361,5.311,,,4296.778,32.999,56.787,60.616,5.652,321.187,31965.838,0.138,0.002,Our World in Data CO2 dataset,World Bank WDI SP.POP.TOTL;mledoze/countries area;World Bank WDI NY.GDP.MKTP.CD;Our World in Data CO2 dataset;Wikidata UN membership start (P463/P580),bulk_enriched
gs,South Georgia,South Georgia and the South Sandwich Islands,GS,SGS,1,,fallback_placeholder,3903,mledoze/countries area,Antarctic,unknown,,,,false,officially-assigned,false,,King Edward Point,-54.5,-37,mledoze/countries latlng,false,,SHP,English,,,1900,fallback_placeholder,none,,,,,,,,,,,,,,,,,,,fallback_placeholder;mledoze/countries area,partial_enriched
gt,Guatemala,Republic of Guatemala,GT,GTM,18.406359,2024,World Bank WDI SP.POP.TOTL,108889,mledoze/countries area,Americas,Central America,Latin America & Caribbean,Upper middle income,IBRD,true,officially-assigned,true,Latin American and Caribbean Group,Guatemala City,15.5,-90.25,mledoze/countries latlng,false,BLZ;SLV;HND;MEX,GTQ,Spanish,1821,1945,1945,Wikidata UN membership start (P463/P580),medium,113199581158.2,2024,World Bank WDI NY.GDP.MKTP.CD,2024,19.880,1.080,,,515.766,49.458,65.672,32.280,3.568,99.950,5430.201,0.052,0.002,Our World in Data CO2 dataset,World Bank WDI SP.POP.TOTL;mledoze/countries area;World Bank WDI NY.GDP.MKTP.CD;Our World in Data CO2 dataset;Wikidata UN membership start (P463/P580),bulk_enriched
gu,Guam,Guam,GU,GUM,0.167777,2024,World Bank WDI SP.POP.TOTL,549,mledoze/countries area,Oceania,Micronesia,East Asia & Pacific,High income,Not classified,false,officially-assigned,false,,Hagåtña,13.46666666,144.78333333,mledoze/countries latlng,false,,USD,Chamorro;English;Spanish,1898,,1898,Wikidata inception (P571),low,6910000000,2022,World Bank WDI NY.GDP.MKTP.CD,,,,,,,,,,,,,,,,World Bank WDI SP.POP.TOTL;mledoze/countries area;World Bank WDI NY.GDP.MKTP.CD;Wikidata inception (P571),bulk_enriched
gw,Guinea-Bissau,Republic of Guinea-Bissau,GW,GNB,2.201352,2024,World Bank WDI SP.POP.TOTL,36125,mledoze/countries area,Africa,Western Africa,Sub-Saharan Africa,Low income,IDA,true,officially-assigned,true,African Group,Bissau,12,-15,mledoze/countries latlng,false,GIN;SEN,XOF,Portuguese;Upper Guinea Creole,1974,1974,1974,Wikidata UN membership start (P463/P580),medium,2218393804.55,2024,World Bank WDI NY.GDP.MKTP.CD,2024,0.342,0.155,,,8.285,5.285,8.138,1.253,3.697,1.525,692.551,0.001,0.000,Our World in Data CO2 dataset,World Bank WDI SP.POP.TOTL;mledoze/countries area;World Bank WDI NY.GDP.MKTP.CD;Our World in Data CO2 dataset;Wikidata UN membership start (P463/P580),bulk_enriched
gy,Guyana,Co-operative Republic of Guyana,GY,GUY,0.831087,2024,World Bank WDI SP.POP.TOTL,214969,mledoze/countries area,Americas,South America,Latin America & Caribbean,High income,IDA,true,officially-assigned,true,Latin American and Caribbean Group,Georgetown,5,-59,mledoze/countries latlng,false,BRA;SUR;VEN,GYD,English,1966,1970,1970,Wikidata UN membership start (P463/P580),medium,24662709832.13,2024,World Bank WDI NY.GDP.MKTP.CD,2024,4.510,5.427,,,117.342,7.987,13.388,7.274,16.109,16.447,19789.193,0.012,0.000,Our World in Data CO2 dataset,World Bank WDI SP.POP.TOTL;mledoze/countries area;World Bank WDI NY.GDP.MKTP.CD;Our World in Data CO2 dataset;Wikidata UN membership start (P463/P580),bulk_enriched
hk,Hong Kong,Hong Kong Special Administrative Region of the People's Republic of China,HK,HKG,7.5241,2024,World Bank WDI SP.POP.TOTL,1104,mledoze/countries area,Asia,Eastern Asia,East Asia & Pacific,High income,Not classified,false,officially-assigned,false,,City of Victoria,22.267,114.188,mledoze/countries latlng,false,CHN,HKD,English;Chinese,1997,,1997,Wikidata inception (P571),low,406863396487.34,2024,World Bank WDI NY.GDP.MKTP.CD,2024,33.324,4.494,,,1750.301,,38.914,38.864,5.248,272.932,36808.547,0.086,0.001,Our World in Data CO2 dataset,World Bank WDI SP.POP.TOTL;mledoze/countries area;World Bank WDI NY.GDP.MKTP.CD;Our World in Data CO2 dataset;Wikidata inception (P571),bulk_enriched
hm,Heard Island and McDonald Islands,Heard Island and McDonald Islands,HM,HMD,1,,fallback_placeholder,412,mledoze/countries area,Antarctic,unknown,,,,false,officially-assigned,false,,,-53.1,72.51666666,mledoze/countries latlng,false,,,English,,,1900,fallback_placeholder,none,,,,,,,,,,,,,,,,,,,fallback_placeholder;mledoze/countries area,partial_enriched
hn,Honduras,Republic of Honduras,HN,HND,10.825703,2024,World Bank WDI SP.POP.TOTL,112492,mledoze/countries area,Americas,Central America,Latin America & Caribbean,Lower middle income,IDA,true,officially-assigned,true,Latin American and Caribbean Group,Tegucigalpa,15,-86.5,mledoze/countries latlng,false,GTM;SLV;NIC,HNL,Spanish,1821,1945,1945,Wikidata UN membership start (P463/P580),medium,37093565854.04,2024,World Bank WDI NY.GDP.MKTP.CD,2024,12.855,1.187,,,310.240,26.077,34.531,17.361,3.190,56.745,5241.650,0.033,0.002,Our World in Data CO2 dataset,World Bank WDI SP.POP.TOTL;mledoze/countries area;World Bank WDI NY.GDP.MKTP.CD;Our World in Data CO2 dataset;Wikidata UN membership start (P463/P580),bulk_enriched
hr,Croatia,Republic of Croatia,HR,HRV,3.8662,2024,World Bank WDI SP.POP.TOTL,56594,mledoze/countries area,Europe,Southeast Europe,Europe & Central Asia,High income,IBRD,true,officially-assigned,true,Eastern European Group,Zagreb,45.16666666,15.5,mledoze/countries latlng,false,BIH;HUN;MNE;SRB;SVN,EUR,Croatian,1991,1992,1992,Wikidata UN membership start (P463/P580),medium,92983810328.91,2024,World Bank WDI NY.GDP.MKTP.CD,2024,18.465,4.765,,,1184.689,15.845,22.456,21.440,5.795,103.144,26615.488,0.048,0.001,Our World in Data CO2 dataset,World Bank WDI SP.POP.TOTL;mledoze/countries area;World Bank WDI NY.GDP.MKTP.CD;Our World in Data CO2 dataset;Wikidata UN membership start (P463/P580),bulk_enriched
ht,Haiti,Republic of Haiti,HT,HTI,11.772557,2024,World Bank WDI SP.POP.TOTL,27750,mledoze/countries area,Americas,Caribbean,Latin America & Caribbean,Lower middle income,IDA,true,officially-assigned,true,Latin American and Caribbean Group,Port-au-Prince,19,-72.41666666,mledoze/countries latlng,false,DOM,HTG,French;Haitian Creole,1804,1945,1945,Wikidata UN membership start (P463/P580),medium,25224154990.79,2024,World Bank WDI NY.GDP.MKTP.CD,2024,2.971,0.252,,,88.844,-1.272,11.872,8.975,1.008,7.090,602.284,0.008,0.000,Our World in Data CO2 dataset,World Bank WDI SP.POP.TOTL;mledoze/countries area;World Bank WDI NY.GDP.MKTP.CD;Our World in Data CO2 dataset;Wikidata UN membership start (P463/P580),bulk_enriched
hu,Hungary,Hungary,HU,HUN,9.562065,2024,World Bank WDI SP.POP.TOTL,93028,mledoze/countries area,Europe,Central Europe,Europe & Central Asia,High income,Not classified,true,officially-assigned,true,Eastern European Group,Budapest,47,20,mledoze/countries latlng,true,AUT;HRV;ROU;SRB;SVK;SVN;UKR,HUF,Hungarian,1000,1955,1955,Wikidata UN membership start (P463/P580),medium,222722738925.64,2024,World Bank WDI NY.GDP.MKTP.CD,2024,40.017,4.136,,,5183.893,29.271,47.507,47.788,4.910,260.792,26952.049,0.104,0.003,Our World in Data CO2 dataset,World Bank WDI SP.POP.TOTL;mledoze/countries area;World Bank WDI NY.GDP.MKTP.CD;Our World in Data CO2 dataset;Wikidata UN membership start (P463/P580),bulk_enriched
ic,IC,IC,IC,,1,,fallback_placeholder,1,fallback_placeholder,unknown,unknown,,,,,,false,,,,,,,,,,,,1900,fallback_placeholder,none,,,,,,,,,,,,,,,,,,,fallback_placeholder,placeholder
id,Indonesia,Republic of Indonesia,ID,IDN,283.487931,2024,World Bank WDI SP.POP.TOTL,1904569,mledoze/countries area,Asia,South-Eastern Asia,East Asia & Pacific,Upper middle income,IBRD,true,officially-assigned,true,Asia and the Pacific Group,Jakarta,-5,120,mledoze/countries latlng,false,TLS;MYS;PNG,IDR,Indonesian,1945,1950,1950,Wikidata UN membership start (P463/P580),medium,1396300098190.97,2024,World Bank WDI NY.GDP.MKTP.CD,2024,812.220,2.865,,,17419.934,1388.412,1902.535,1142.432,6.711,2984.731,10528.601,2.104,0.041,Our World in Data CO2 dataset,World Bank WDI SP.POP.TOTL;mledoze/countries area;World Bank WDI NY.GDP.MKTP.CD;Our World in Data CO2 dataset;Wikidata UN membership start (P463/P580),bulk_enriched
ie,Ireland,Republic of Ireland,IE,IRL,5.39579,2024,World Bank WDI SP.POP.TOTL,70273,mledoze/countries area,Europe,Northern Europe,Europe & Central Asia,High income,Not classified,true,officially-assigned,true,Western European and Others Group,Dublin,53,-8,mledoze/countries latlng,false,GBR,EUR,English;Irish,1937,1955,1955,Wikidata UN membership start (P463/P580),medium,609157459747.2,2024,World Bank WDI NY.GDP.MKTP.CD,2024,33.311,6.339,,,2366.426,32.975,60.206,35.679,11.457,181.792,34593.980,0.086,0.001,Our World in Data CO2 dataset,World Bank WDI SP.POP.TOTL;mledoze/countries area;World Bank WDI NY.GDP.MKTP.CD;Our World in Data CO2 dataset;Wikidata UN membership start (P463/P580),bulk_enriched
il,Israel,State of Israel,IL,ISR,9.9744,2024,World Bank WDI SP.POP.TOTL,20770,mledoze/countries area,Asia,Western Asia,"Middle East, North Africa, Afghanistan & Pakistan",High income,Not classified,true,officially-assigned,true,Western European and Others Group,Jerusalem,31.47,35.13,mledoze/countries latlng,false,EGY;JOR;LBN;PSE;SYR,ILS,Arabic;Hebrew,1948,1949,1949,Wikidata UN membership start (P463/P580),medium,540379921261.68,2024,World Bank WDI NY.GDP.MKTP.CD,2024,52.637,5.607,,,2607.636,52.598,64.151,62.259,6.834,277.774,29591.316,0.136,0.001,Our World in Data CO2 dataset,World Bank WDI SP.POP.TOTL;mledoze/countries area;World Bank WDI NY.GDP.MKTP.CD;Our World in Data CO2 dataset;Wikidata UN membership start (P463/P580),bulk_enriched
im,Isle of Man,Isle of Man,IM,IMN,0.08416,2024,World Bank WDI SP.POP.TOTL,572,mledoze/countries area,Europe,Northern Europe,Europe & Central Asia,High income,Not classified,false,officially-assigned,false,,Douglas,54.25,-4.5,mledoze/countries latlng,false,,GBP;IMP,English;Manx,1765,,1765,Wikidata inception (P571),low,7431257410.93,2022,World Bank WDI NY.GDP.MKTP.CD,,,,,,,,,,,,,,,,World Bank WDI SP.POP.TOTL;mledoze/countries area;World Bank WDI NY.GDP.MKTP.CD;Wikidata inception (P571),bulk_enriched
in,India,Republic of India,IN,IND,1450.935791,2024,World Bank WDI SP.POP.TOTL,3287590,mledoze/countries area,Asia,Southern Asia,South Asia,Lower middle income,IBRD,true,officially-assigned,true,Asia and the Pacific Group,New Delhi,20,77,mledoze/countries latlng,false,BGD;BTN;MMR;CHN;NPL;PAK,INR,English;Hindi;Tamil,1947,1945,1945,Wikidata UN membership start (P463/P580),medium,3909891533858.08,2024,World Bank WDI NY.GDP.MKTP.CD,2024,3193.478,2.201,,,66072.531,3201.024,4262.411,3571.002,2.938,11336.057,7812.928,8.274,0.041,Our World in Data CO2 dataset,World Bank WDI SP.POP.TOTL;mledoze/countries area;World Bank WDI NY.GDP.MKTP.CD;Our World in Data CO2 dataset;Wikidata UN membership start (P463/P580),bulk_enriched
io,British Indian Ocean Territory,British Indian Ocean Territory,IO,IOT,1,,fallback_placeholder,60,mledoze/countries area,Africa,Eastern Africa,,,,false,officially-assigned,false,,Diego Garcia,-6,71.5,mledoze/countries latlng,false,,USD,English,,,1900,fallback_placeholder,none,,,,,,,,,,,,,,,,,,,fallback_placeholder;mledoze/countries area,partial_enriched
iq,Iraq,Republic of Iraq,IQ,IRQ,46.042015,2024,World Bank WDI SP.POP.TOTL,438317,mledoze/countries area,Asia,Western Asia,"Middle East, North Africa, Afghanistan & Pakistan",Upper middle income,IBRD,true,officially-assigned,true,Asia and the Pacific Group,Baghdad,33,44,mledoze/countries latlng,false,IRN;JOR;KWT;SAU;SYR;TUR,IQD,Arabic;Aramaic;Sorani,1932,1945,1945,Wikidata UN membership start (P463/P580),medium,279641257615.39,2024,World Bank WDI NY.GDP.MKTP.CD,2024,233.635,5.074,,,5350.744,235.904,398.127,389.444,8.647,736.781,16002.357,0.605,0.003,Our World in Data CO2 dataset,World Bank WDI SP.POP.TOTL;mledoze/countries area;World Bank WDI NY.GDP.MKTP.CD;Our World in Data CO2 dataset;Wikidata UN membership start (P463/P580),bulk_enriched
ir,Iran,Islamic Republic of Iran,IR,IRN,91.567738,2024,World Bank WDI SP.POP.TOTL,1648195,mledoze/countries area,Asia,Southern Asia,"Middle East, North Africa, Afghanistan & Pakistan",Upper middle income,IBRD,true,officially-assigned,true,Asia and the Pacific Group,Tehran,32,53,mledoze/countries latlng,false,AFG;ARM;AZE;IRQ;PAK;TUR;TKM,IRR,Persian (Farsi),1979,1945,1945,Wikidata UN membership start (P463/P580),medium,475252089215.42,2024,World Bank WDI NY.GDP.MKTP.CD,2024,792.631,8.656,,,21810.637,816.891,1012.216,955.170,11.054,3589.786,39203.609,2.054,0.011,Our World in Data CO2 dataset,World Bank WDI SP.POP.TOTL;mledoze/countries area;World Bank WDI NY.GDP.MKTP.CD;Our World in Data CO2 dataset;Wikidata UN membership start (P463/P580),bulk_enriched
is,Iceland,Iceland,IS,ISL,0.386506,2024,World Bank WDI SP.POP.TOTL,103000,mledoze/countries area,Europe,Northern Europe,Europe & Central Asia,High income,Not classified,true,officially-assigned,true,Western European and Others Group,Reykjavik,65,-18,mledoze/countries latlng,false,,ISK,Icelandic,1944,1946,1946,Wikidata UN membership start (P463/P580),medium,33255181468.94,2024,World Bank WDI NY.GDP.MKTP.CD,2024,3.803,9.667,,,171.686,4.159,5.057,4.115,12.854,62.817,159676.391,0.010,0.000,Our World in Data CO2 dataset,World Bank WDI SP.POP.TOTL;mledoze/countries area;World Bank WDI NY.GDP.MKTP.CD;Our World in Data CO2 dataset;Wikidata UN membership start (P463/P580),bulk_enriched
it,Italy,Italian Republic,IT,ITA,58.952704,2024,World Bank WDI SP.POP.TOTL,301336,mledoze/countries area,Europe,Southern Europe,Europe & Central Asia,High income,Not classified,true,officially-assigned,true,Western European and Others Group,Rome,42.83333333,12.83333333,mledoze/countries latlng,false,AUT;FRA;SMR;SVN;CHE;VAT,EUR,Italian,0476,1955,1955,Wikidata UN membership start (P463/P580),medium,2380825077243.59,2024,World Bank WDI NY.GDP.MKTP.CD,2024,301.930,5.088,,,26005.943,289.582,355.972,325.695,5.999,1696.287,28584.518,0.782,0.012,Our World in Data CO2 dataset,World Bank WDI SP.POP.TOTL;mledoze/countries area;World Bank WDI NY.GDP.MKTP.CD;Our World in Data CO2 dataset;Wikidata UN membership start (P463/P580),bulk_enriched
je,Jersey,Bailiwick of Jersey,JE,JEY,1,,fallback_placeholder,116,mledoze/countries area,Europe,Northern Europe,,,,false,officially-assigned,false,,Saint Helier,49.25,-2.16666666,mledoze/countries latlng,false,,GBP;JEP,English;French;Jèrriais,1651,,1651,Wikidata inception (P571),low,,,,,,,,,,,,,,,,,,,fallback_placeholder;mledoze/countries area;Wikidata inception (P571),partial_enriched
jm,Jamaica,Jamaica,JM,JAM,2.839175,2024,World Bank WDI SP.POP.TOTL,10991,mledoze/countries area,Americas,Caribbean,Latin America & Caribbean,Upper middle income,IBRD,true,officially-assigned,true,Latin American and Caribbean Group,Kingston,18.25,-77.5,mledoze/countries latlng,false,,JMD,English;Jamaican Patois,1962,1962,1962,Wikidata UN membership start (P463/P580),medium,22014397089.77,2024,World Bank WDI NY.GDP.MKTP.CD,2024,8.402,2.959,,,485.202,8.011,9.092,8.927,3.202,35.502,12504.468,0.022,0.000,Our World in Data CO2 dataset,World Bank WDI SP.POP.TOTL;mledoze/countries area;World Bank WDI NY.GDP.MKTP.CD;Our World in Data CO2 dataset;Wikidata UN membership start (P463/P580),bulk_enriched
jo,Jordan,Hashemite Kingdom of Jordan,JO,JOR,11.552876,2024,World Bank WDI SP.POP.TOTL,89342,mledoze/countries area,Asia,Western Asia,"Middle East, North Africa, Afghanistan & Pakistan",Lower middle income,IBRD,true,officially-assigned,true,Asia and the Pacific Group,Amman,31,36,mledoze/countries latlng,false,IRQ;ISR;PSE;SAU;SYR,JOD,Arabic,1946,1955,1955,Wikidata UN membership start (P463/P580),medium,53352289577.46,2024,World Bank WDI NY.GDP.MKTP.CD,2024,23.219,2.010,,,793.394,24.535,31.035,29.425,2.686,107.629,9316.197,0.060,0.000,Our World in Data CO2 dataset,World Bank WDI SP.POP.TOTL;mledoze/countries area;World Bank WDI NY.GDP.MKTP.CD;Our World in Data CO2 dataset;Wikidata UN membership start (P463/P580),bulk_enriched
jp,Japan,Japan,JP,JPN,123.975371,2024,World Bank WDI SP.POP.TOTL,377930,mledoze/countries area,Asia,Eastern Asia,East Asia & Pacific,High income,Not classified,true,officially-assigned,true,Asia and the Pacific Group,Tokyo,36,138,mledoze/countries latlng,false,,JPY,Japanese,1947,1956,1956,Wikidata UN membership start (P463/P580),medium,4027597523550.58,2024,World Bank WDI NY.GDP.MKTP.CD,2024,961.867,7.772,,,69612.281,967.361,1007.159,986.177,8.138,4794.816,38745.039,2.492,0.033,Our World in Data CO2 dataset,World Bank WDI SP.POP.TOTL;mledoze/countries area;World Bank WDI NY.GDP.MKTP.CD;Our World in Data CO2 dataset;Wikidata UN membership start (P463/P580),bulk_enriched
ke,Kenya,Republic of Kenya,KE,KEN,56.432944,2024,World Bank WDI SP.POP.TOTL,580367,mledoze/countries area,Africa,Eastern Africa,Sub-Saharan Africa,Lower middle income,Blend,true,officially-assigned,true,African Group,Nairobi,1,38,mledoze/countries latlng,false,ETH;SOM;SSD;TZA;UGA,KES,English;Swahili,1963,1963,1963,Wikidata UN membership start (P463/P580),medium,120339557905.93,2024,World Bank WDI NY.GDP.MKTP.CD,2024,21.225,0.376,,,551.307,34.456,99.481,37.999,1.763,94.626,1676.791,0.055,0.001,Our World in Data CO2 dataset,World Bank WDI SP.POP.TOTL;mledoze/countries area;World Bank WDI NY.GDP.MKTP.CD;Our World in Data CO2 dataset;Wikidata UN membership start (P463/P580),bulk_enriched
kg,Kyrgyzstan,Kyrgyz Republic,KG,KGZ,7.221868,2024,World Bank WDI SP.POP.TOTL,199951,mledoze/countries area,Asia,Central Asia,Europe & Central Asia,Lower middle income,IDA,true,officially-assigned,true,Asia and the Pacific Group,Bishkek,41,75,mledoze/countries latlng,true,CHN;KAZ;TJK;UZB,KGS,Kyrgyz;Russian,1991,1992,1992,Wikidata UN membership start (P463/P580),medium,17478259659.26,2024,World Bank WDI NY.GDP.MKTP.CD,2024,11.770,1.638,,,883.216,11.439,22.581,15.571,3.142,54.984,7651.543,0.030,0.001,Our World in Data CO2 dataset,World Bank WDI SP.POP.TOTL;mledoze/countries area;World Bank WDI NY.GDP.MKTP.CD;Our World in Data CO2 dataset;Wikidata UN membership start (P463/P580),bulk_enriched
kh,Cambodia,Kingdom of Cambodia,KH,KHM,17.638801,2024,World Bank WDI SP.POP.TOTL,181035,mledoze/countries area,Asia,South-Eastern Asia,East Asia & Pacific,Lower middle income,IDA,true,officially-assigned,true,Asia and the Pacific Group,Phnom Penh,13,105,mledoze/countries latlng,false,LAO;THA;VNM,KHR;USD,Khmer,1953,1955,1955,Wikidata UN membership start (P463/P580),medium,46352647037.24,2024,World Bank WDI NY.GDP.MKTP.CD,2024,21.883,1.241,,,251.610,65.304,91.824,26.179,5.206,87.629,4967.972,0.057,0.002,Our World in Data CO2 dataset,World Bank WDI SP.POP.TOTL;mledoze/countries area;World Bank WDI NY.GDP.MKTP.CD;Our World in Data CO2 dataset;Wikidata UN membership start (P463/P580),bulk_enriched
ki,Kiribati,Independent and Sovereign Republic of Kiribati,KI,KIR,0.134518,2024,World Bank WDI SP.POP.TOTL,811,mledoze/countries area,Oceania,Micronesia,East Asia & Pacific,Lower middle income,IDA,true,officially-assigned,true,Asia and the Pacific Group,South Tarawa,1.41666666,173,mledoze/countries latlng,false,,AUD;KID,English;Gilbertese,1979,1999,1999,Wikidata UN membership start (P463/P580),medium,307862564.49,2024,World Bank WDI NY.GDP.MKTP.CD,2024,0.072,0.539,,,2.329,0.072,0.111,0.101,0.824,0.360,2672.991,0.000,0.000,Our World in Data CO2 dataset,World Bank WDI SP.POP.TOTL;mledoze/countries area;World Bank WDI NY.GDP.MKTP.CD;Our World in Data CO2 dataset;Wikidata UN membership start (P463/P580),bulk_enriched
km,Comoros,Union of the Comoros,KM,COM,0.866628,2024,World Bank WDI SP.POP.TOTL,1862,mledoze/countries area,Africa,Eastern Africa,Sub-Saharan Africa,Lower middle income,IDA,true,officially-assigned,true,African Group,Moroni,-12.16666666,44.25,mledoze/countries latlng,false,,KMF,Arabic;French;Comorian,1975,1975,1975,Wikidata UN membership start (P463/P580),medium,1440991455.45,2024,World Bank WDI NY.GDP.MKTP.CD,2024,0.552,0.637,,,7.513,0.578,1.033,0.907,1.192,1.578,1821.235,0.001,0.000,Our World in Data CO2 dataset,World Bank WDI SP.POP.TOTL;mledoze/countries area;World Bank WDI NY.GDP.MKTP.CD;Our World in Data CO2 dataset;Wikidata UN membership start (P463/P580),bulk_enriched
kn,Saint Kitts and Nevis,Federation of Saint Christopher and Nevis,KN,KNA,0.046843,2024,World Bank WDI SP.POP.TOTL,261,mledoze/countries area,Americas,Caribbean,Latin America & Caribbean,High income,IBRD,true,officially-assigned,true,Latin American and Caribbean Group,Basseterre,17.33333333,-62.75,mledoze/countries latlng,false,,XCD,English,1967,1983,1983,Wikidata UN membership start (P463/P580),medium,1122388888.89,2024,World Bank WDI NY.GDP.MKTP.CD,2024,0.260,5.542,,,8.035,0.202,0.297,0.295,6.344,1.171,24994.332,0.001,0.000,Our World in Data CO2 dataset,World Bank WDI SP.POP.TOTL;mledoze/countries area;World Bank WDI NY.GDP.MKTP.CD;Our World in Data CO2 dataset;Wikidata UN membership start (P463/P580),bulk_enriched
kp,North Korea,Democratic People's Republic of Korea,KP,PRK,26.498823,2024,World Bank WDI SP.POP.TOTL,120538,mledoze/countries area,Asia,Eastern Asia,East Asia & Pacific,Low income,Not classified,true,officially-assigned,true,Asia and the Pacific Group,Pyongyang,40,127,mledoze/countries latlng,false,CHN;KOR;RUS,KPW,Korean,1948,1991,1991,Wikidata UN membership start (P463/P580),medium,,,,2024,62.550,2.360,,,5492.661,72.541,89.797,78.297,3.389,193.469,7301.054,0.162,0.003,Our World in Data CO2 dataset,World Bank WDI SP.POP.TOTL;mledoze/countries area;Our World in Data CO2 dataset;Wikidata UN membership start (P463/P580),bulk_enriched
kr,South Korea,Republic of Korea,KR,KOR,51.751065,2024,World Bank WDI SP.POP.TOTL,100210,mledoze/countries area,Asia,Eastern Asia,East Asia & Pacific,High income,Not classified,true,officially-assigned,true,Asia and the Pacific Group,Seoul,37,127.5,mledoze/countries latlng,false,PRK,KRW,Korean,1948,1991,1991,Wikidata UN membership start (P463/P580),medium,1875388209406.8,2024,World Bank WDI NY.GDP.MKTP.CD,2024,583.679,11.286,,,20707.549,580.060,630.567,621.358,12.192,3616.218,69922.406,1.512,0.009,Our World in Data CO2 dataset,World Bank WDI SP.POP.TOTL;mledoze/countries area;World Bank WDI NY.GDP.MKTP.CD;Our World in Data CO2 dataset;Wikidata UN membership start (P463/P580),bulk_enriched
kw,Kuwait,State of Kuwait,KW,KWT,4.897263,2024,World Bank WDI SP.POP.TOTL,17818,mledoze/countries area,Asia,Western Asia,"Middle East, North Africa, Afghanistan & Pakistan",High income,Not classified,true,officially-assigned,true,Asia and the Pacific Group,Kuwait City,29.5,45.75,mledoze/countries latlng,false,IRQ;SAU,KWD,Arabic,1991,1963,1963,Wikidata UN membership start (P463/P580),medium,160227273053.33,2024,World Bank WDI NY.GDP.MKTP.CD,2024,129.519,26.248,,,3875.923,129.529,170.275,169.704,34.507,525.025,106398.594,0.336,0.002,Our World in Data CO2 dataset,World Bank WDI SP.POP.TOTL;mledoze/countries area;World Bank WDI NY.GDP.MKTP.CD;Our World in Data CO2 dataset;Wikidata UN membership start (P463/P580),bulk_enriched
ky,Cayman Islands,Cayman Islands,KY,CYM,0.074457,2024,World Bank WDI SP.POP.TOTL,264,mledoze/countries area,Americas,Caribbean,Latin America & Caribbean,High income,Not classified,false,officially-assigned,false,,George Town,19.5,-80.5,mledoze/countries latlng,false,,KYD,English,,,1900,fallback_placeholder,none,7241244269.46,2023,World Bank WDI NY.GDP.MKTP.CD,,,,,,,,,,,,,,,,World Bank WDI SP.POP.TOTL;mledoze/countries area;World Bank WDI NY.GDP.MKTP.CD;fallback_placeholder,bulk_enriched
kz,Kazakhstan,Republic of Kazakhstan,KZ,KAZ,20.592571,2024,World Bank WDI SP.POP.TOTL,2724900,mledoze/countries area,Asia,Central Asia,Europe & Central Asia,Upper middle income,IBRD,true,officially-assigned,true,Asia and the Pacific Group,Astana,48,68,mledoze/countries latlng,true,CHN;KGZ;RUS;TKM;UZB,KZT,Kazakh;Russian,1991,1992,1992,Wikidata UN membership start (P463/P580),medium,291480274648.83,2024,World Bank WDI NY.GDP.MKTP.CD,2024,287.006,13.937,,,14937.440,279.205,372.231,323.808,18.076,862.112,41865.195,0.744,0.011,Our World in Data CO2 dataset,World Bank WDI SP.POP.TOTL;mledoze/countries area;World Bank WDI NY.GDP.MKTP.CD;Our World in Data CO2 dataset;Wikidata UN membership start (P463/P580),bulk_enriched
la,Laos,Lao People's Democratic Republic,LA,LAO,7.769819,2024,World Bank WDI SP.POP.TOTL,236800,mledoze/countries area,Asia,South-Eastern Asia,East Asia & Pacific,Lower middle income,IDA,true,officially-assigned,true,Asia and the Pacific Group,Vientiane,18,105,mledoze/countries latlng,true,MMR;KHM;CHN;THA;VNM,LAK,Lao,1949,1955,1955,Wikidata UN membership start (P463/P580),medium,16502933121.34,2024,World Bank WDI NY.GDP.MKTP.CD,2024,24.400,3.140,,,243.008,43.850,61.388,28.066,7.901,84.592,10887.287,0.063,0.001,Our World in Data CO2 dataset,World Bank WDI SP.POP.TOTL;mledoze/countries area;World Bank WDI NY.GDP.MKTP.CD;Our World in Data CO2 dataset;Wikidata UN membership start (P463/P580),bulk_enriched
lb,Lebanon,Lebanese Republic,LB,LBN,5.805962,2024,World Bank WDI SP.POP.TOTL,10452,mledoze/countries area,Asia,Western Asia,"Middle East, North Africa, Afghanistan & Pakistan",Lower middle income,IBRD,true,officially-assigned,true,Asia and the Pacific Group,Beirut,33.83333333,35.83333333,mledoze/countries latlng,false,ISR;SYR,LBP,Arabic;French,1943,1945,1945,Wikidata UN membership start (P463/P580),medium,20078620356.99,2023,World Bank WDI NY.GDP.MKTP.CD,2024,15.650,2.696,,,794.725,15.722,20.646,19.833,3.556,71.357,12290.366,0.041,0.000,Our World in Data CO2 dataset,World Bank WDI SP.POP.TOTL;mledoze/countries area;World Bank WDI NY.GDP.MKTP.CD;Our World in Data CO2 dataset;Wikidata UN membership start (P463/P580),bulk_enriched
lc,Saint Lucia,Saint Lucia,LC,LCA,0.179744,2024,World Bank WDI SP.POP.TOTL,616,mledoze/countries area,Americas,Caribbean,Latin America & Caribbean,Upper middle income,Blend,true,officially-assigned,true,Latin American and Caribbean Group,Castries,13.88333333,-60.96666666,mledoze/countries latlng,false,,XCD,English,1967,1979,1979,Wikidata UN membership start (P463/P580),medium,2549062962.96,2024,World Bank WDI NY.GDP.MKTP.CD,2024,0.537,2.987,,,16.455,0.440,0.570,0.583,3.169,2.645,14715.578,0.001,0.000,Our World in Data CO2 dataset,World Bank WDI SP.POP.TOTL;mledoze/countries area;World Bank WDI NY.GDP.MKTP.CD;Our World in Data CO2 dataset;Wikidata UN membership start (P463/P580),bulk_enriched
li,Liechtenstein,Principality of Liechtenstein,LI,LIE,0.04045,2024,World Bank WDI SP.POP.TOTL,160,mledoze/countries area,Europe,Western Europe,Europe & Central Asia,High income,Not classified,true,officially-assigned,true,Western European and Others Group,Vaduz,47.26666666,9.53333333,mledoze/countries latlng,true,AUT;CHE,CHF,German,1806,1990,1990,Wikidata UN membership start (P463/P580),medium,8239379403.22,2023,World Bank WDI NY.GDP.MKTP.CD,2024,0.132,3.299,,,9.961,0.117,0.147,0.143,3.685,,,0.000,0.000,Our World in Data CO2 dataset,World Bank WDI SP.POP.TOTL;mledoze/countries area;World Bank WDI NY.GDP.MKTP.CD;Our World in Data CO2 dataset;Wikidata UN membership start (P463/P580),bulk_enriched
lk,Sri Lanka,Democratic Socialist Republic of Sri Lanka,LK,LKA,21.916,2024,World Bank WDI SP.POP.TOTL,65610,mledoze/countries area,Asia,Southern Asia,South Asia,Lower middle income,IDA,true,officially-assigned,true,Asia and the Pacific Group,Colombo,7,81,mledoze/countries latlng,false,IND,LKR,Sinhala;Tamil,1972,1955,1955,Wikidata UN membership start (P463/P580),medium,98963185509.65,2024,World Bank WDI NY.GDP.MKTP.CD,2024,20.826,0.901,,,567.871,31.180,42.702,27.305,1.848,111.341,4819.195,0.054,0.001,Our World in Data CO2 dataset,World Bank WDI SP.POP.TOTL;mledoze/countries area;World Bank WDI NY.GDP.MKTP.CD;Our World in Data CO2 dataset;Wikidata UN membership start (P463/P580),bulk_enriched
lr,Liberia,Republic of Liberia,LR,LBR,5.612817,2024,World Bank WDI SP.POP.TOTL,111369,mledoze/countries area,Africa,Western Africa,Sub-Saharan Africa,Low income,IDA,true,officially-assigned,true,African Group,Monrovia,6.5,-9.5,mledoze/countries latlng,false,GIN;CIV;SLE,LRD,English,1822,1945,1945,Wikidata UN membership start (P463/P580),medium,4779300900,2024,World Bank WDI NY.GDP.MKTP.CD,2024,0.859,0.153,,,52.521,25.116,24.540,3.481,4.372,3.198,569.853,0.002,0.001,Our World in Data CO2 dataset,World Bank WDI SP.POP.TOTL;mledoze/countries area;World Bank WDI NY.GDP.MKTP.CD;Our World in Data CO2 dataset;Wikidata UN membership start (P463/P580),bulk_enriched
ls,Lesotho,Kingdom of Lesotho,LS,LSO,2.337423,2024,World Bank WDI SP.POP.TOTL,30355,mledoze/countries area,Africa,Southern Africa,Sub-Saharan Africa,Lower middle income,IDA,true,officially-assigned,true,African Group,Maseru,-29.5,28.5,mledoze/countries latlng,true,ZAF,LSL;ZAR,English;Sotho,1966,1966,1966,Wikidata UN membership start (P463/P580),medium,2271759454.51,2024,World Bank WDI NY.GDP.MKTP.CD,2024,2.572,1.100,,,72.330,9.290,6.172,3.425,2.641,3.931,1681.698,0.007,0.000,Our World in Data CO2 dataset,World Bank WDI SP.POP.TOTL;mledoze/countries area;World Bank WDI NY.GDP.MKTP.CD;Our World in Data CO2 dataset;Wikidata UN membership start (P463/P580),bulk_enriched
lt,Lithuania,Republic of Lithuania,LT,LTU,2.888278,2024,World Bank WDI SP.POP.TOTL,65300,mledoze/countries area,Europe,Northern Europe,Europe & Central Asia,High income,Not classified,true,officially-assigned,true,Eastern European Group,Vilnius,56,24,mledoze/countries latlng,false,BLR;LVA;POL;RUS,EUR,Lithuanian,1990,1991,1991,Wikidata UN membership start (P463/P580),medium,84869215513.36,2024,World Bank WDI NY.GDP.MKTP.CD,2024,12.542,4.387,,,1610.091,11.856,21.776,15.049,7.617,73.366,25660.391,0.032,0.001,Our World in Data CO2 dataset,World Bank WDI SP.POP.TOTL;mledoze/countries area;World Bank WDI NY.GDP.MKTP.CD;Our World in Data CO2 dataset;Wikidata UN membership start (P463/P580),bulk_enriched
lu,Luxembourg,Grand Duchy of Luxembourg,LU,LUX,0.677012,2024,World Bank WDI SP.POP.TOTL,2586,mledoze/countries area,Europe,Western Europe,Europe & Central Asia,High income,Not classified,true,officially-assigned,true,Western European and Others Group,Luxembourg,49.75,6.16666666,mledoze/countries latlng,true,BEL;FRA;DEU,EUR,German;French;Luxembourgish,1815,1945,1945,Wikidata UN membership start (P463/P580),medium,93279851863.41,2024,World Bank WDI NY.GDP.MKTP.CD,2024,7.040,10.460,,,783.031,7.178,7.941,7.217,11.798,39.742,59047.879,0.018,0.000,Our World in Data CO2 dataset,World Bank WDI SP.POP.TOTL;mledoze/countries area;World Bank WDI NY.GDP.MKTP.CD;Our World in Data CO2 dataset;Wikidata UN membership start (P463/P580),bulk_enriched
lv,Latvia,Republic of Latvia,LV,LVA,1.866124,2024,World Bank WDI SP.POP.TOTL,64559,mledoze/countries area,Europe,Northern Europe,Europe & Central Asia,High income,Not classified,true,officially-assigned,true,Eastern European Group,Riga,57,25,mledoze/countries latlng,false,BLR;EST;LTU;RUS,EUR,Latvian,1918,1991,1991,Wikidata UN membership start (P463/P580),medium,43684254432.36,2024,World Bank WDI NY.GDP.MKTP.CD,2024,6.462,3.452,,,980.751,9.409,13.860,7.941,7.405,38.790,20722.363,0.017,0.001,Our World in Data CO2 dataset,World Bank WDI SP.POP.TOTL;mledoze/countries area;World Bank WDI NY.GDP.MKTP.CD;Our World in Data CO2 dataset;Wikidata UN membership start (P463/P580),bulk_enriched
ly,Libya,State of Libya,LY,LBY,7.381023,2024,World Bank WDI SP.POP.TOTL,1759540,mledoze/countries area,Africa,Northern Africa,"Middle East, North Africa, Afghanistan & Pakistan",Upper middle income,IBRD,true,officially-assigned,true,African Group,Tripoli,25,17,mledoze/countries latlng,false,DZA;TCD;EGY;NER;SDN;TUN,LYD,Arabic,1551,1955,1955,Wikidata UN membership start (P463/P580),medium,48487151215.35,2024,World Bank WDI NY.GDP.MKTP.CD,2024,65.260,8.842,,,2489.880,65.056,94.987,92.341,12.869,246.253,33362.949,0.169,0.001,Our World in Data CO2 dataset,World Bank WDI SP.POP.TOTL;mledoze/countries area;World Bank WDI NY.GDP.MKTP.CD;Our World in Data CO2 dataset;Wikidata UN membership start (P463/P580),bulk_enriched
ma,Morocco,Kingdom of Morocco,MA,MAR,38.081173,2024,World Bank WDI SP.POP.TOTL,446550,mledoze/countries area,Africa,Northern Africa,"Middle East, North Africa, Afghanistan & Pakistan",Lower middle income,IBRD,true,officially-assigned,true,African Group,Rabat,32,-5,mledoze/countries latlng,false,DZA;ESH;ESP,MAD,Arabic;Berber,0789,1956,1956,Wikidata UN membership start (P463/P580),medium,160610994054.73,2024,World Bank WDI NY.GDP.MKTP.CD,2024,69.062,1.814,,,2015.669,56.257,101.847,92.896,2.674,276.349,7256.846,0.179,0.001,Our World in Data CO2 dataset,World Bank WDI SP.POP.TOTL;mledoze/countries area;World Bank WDI NY.GDP.MKTP.CD;Our World in Data CO2 dataset;Wikidata UN membership start (P463/P580),bulk_enriched
mc,Monaco,Principality of Monaco,MC,MCO,0.038631,2024,World Bank WDI SP.POP.TOTL,2.02,mledoze/countries area,Europe,Western Europe,Europe & Central Asia,High income,Not classified,true,officially-assigned,true,Western European and Others Group,Monaco,43.73333333,7.4,mledoze/countries latlng,false,FRA,EUR,French,1297,1993,1993,Wikidata UN membership start (P463/P580),medium,11125783372.48,2024,World Bank WDI NY.GDP.MKTP.CD,2024,,,,,,,,,,,,,,,World Bank WDI SP.POP.TOTL;mledoze/countries area;World Bank WDI NY.GDP.MKTP.CD;Wikidata UN membership start (P463/P580),bulk_enriched
md,Moldova,Republic of Moldova,MD,MDA,2.402306,2024,World Bank WDI SP.POP.TOTL,33846,mledoze/countries area,Europe,Eastern Europe,Europe & Central Asia,Upper middle income,IBRD,true,officially-assigned,true,Eastern European Group,Chișinău,47,29,mledoze/countries latlng,true,ROU;UKR,MDL,Moldavian,1991,1992,1992,Wikidata UN membership start (P463/P580),medium,18200340853.65,2024,World Bank WDI NY.GDP.MKTP.CD,2024,5.327,1.755,,,1358.364,1.937,6.697,7.121,2.207,35.962,11849.197,0.014,0.001,Our World in Data CO2 dataset,World Bank WDI SP.POP.TOTL;mledoze/countries area;World Bank WDI NY.GDP.MKTP.CD;Our World in Data CO2 dataset;Wikidata UN membership start (P463/P580),bulk_enriched
me,Montenegro,Montenegro,ME,MNE,0.623525,2024,World Bank WDI SP.POP.TOTL,13812,mledoze/countries area,Europe,Southeast Europe,Europe & Central Asia,Upper middle income,IBRD,true,officially-assigned,true,Eastern European Group,Podgorica,42.5,19.3,mledoze/countries latlng,false,ALB;BIH;HRV;UNK;SRB,EUR,Montenegrin,2006,2006,2006,Wikidata UN membership start (P463/P580),medium,8270016670.87,2024,World Bank WDI NY.GDP.MKTP.CD,2024,2.376,3.722,,,122.140,-0.084,1.221,2.791,1.913,11.825,18520.588,0.006,0.000,Our World in Data CO2 dataset,World Bank WDI SP.POP.TOTL;mledoze/countries area;World Bank WDI NY.GDP.MKTP.CD;Our World in Data CO2 dataset;Wikidata UN membership start (P463/P580),bulk_enriched
mf,Saint Martin,Saint Martin,MF,MAF,0.026129,2024,World Bank WDI SP.POP.TOTL,53,mledoze/countries area,Americas,Caribbean,Latin America & Caribbean,High income,Not classified,false,officially-assigned,false,,Marigot,18.08333333,-63.95,mledoze/countries latlng,false,SXM,EUR,French,2007,,2007,Wikidata inception (P571),low,649206262.85,2021,World Bank WDI NY.GDP.MKTP.CD,,,,,,,,,,,,,,,,World Bank WDI SP.POP.TOTL;mledoze/countries area;World Bank WDI NY.GDP.MKTP.CD;Wikidata inception (P571),bulk_enriched
mg,Madagascar,Republic of Madagascar,MG,MDG,31.964956,2024,World Bank WDI SP.POP.TOTL,587041,mledoze/countries area,Africa,Eastern Africa,Sub-Saharan Africa,Low income,IDA,true,officially-assigned,true,African Group,Antananarivo,-20,47,mledoze/countries latlng,false,,MGA,French;Malagasy,1960,1960,1960,Wikidata UN membership start (P463/P580),medium,17420501490.12,2024,World Bank WDI NY.GDP.MKTP.CD,2024,4.528,0.142,,,112.654,35.571,61.492,12.949,1.924,16.416,513.569,0.012,0.003,Our World in Data CO2 dataset,World Bank WDI SP.POP.TOTL;mledoze/countries area;World Bank WDI NY.GDP.MKTP.CD;Our World in Data CO2 dataset;Wikidata UN membership start (P463/P580),bulk_enriched
mh,Marshall Islands,Republic of the Marshall Islands,MH,MHL,0.037548,2024,World Bank WDI SP.POP.TOTL,181,mledoze/countries area,Oceania,Micronesia,East Asia & Pacific,Upper middle income,IDA,true,officially-assigned,true,Asia and the Pacific Group,Majuro,9,168,mledoze/countries latlng,false,,USD,English;Marshallese,1986,1991,1991,Wikidata UN membership start (P463/P580),medium,290108489.99,2024,World Bank WDI NY.GDP.MKTP.CD,2024,0.154,4.112,,,4.008,0.154,,,,,,0.000,0.000,Our World in Data CO2 dataset,World Bank WDI SP.POP.TOTL;mledoze/countries area;World Bank WDI NY.GDP.MKTP.CD;Our World in Data CO2 dataset;Wikidata UN membership start (P463/P580),bulk_enriched
mk,North Macedonia,Republic of North Macedonia,MK,MKD,1.824359,2024,World Bank WDI SP.POP.TOTL,25713,mledoze/countries area,Europe,Southeast Europe,Europe & Central Asia,Upper middle income,IBRD,true,officially-assigned,true,Eastern European Group,Skopje,41.83333333,22,mledoze/countries latlng,true,ALB;BGR;GRC;UNK;SRB,MKD,Macedonian,1991,1993,1993,Wikidata UN membership start (P463/P580),medium,16951682245.42,2024,World Bank WDI NY.GDP.MKTP.CD,2024,6.620,3.631,,,538.001,6.131,8.076,7.703,4.430,29.569,16219.917,0.017,0.000,Our World in Data CO2 dataset,World Bank WDI SP.POP.TOTL;mledoze/countries area;World Bank WDI NY.GDP.MKTP.CD;Our World in Data CO2 dataset;Wikidata UN membership start (P463/P580),bulk_enriched
ml,Mali,Republic of Mali,ML,MLI,24.478595,2024,World Bank WDI SP.POP.TOTL,1240192,mledoze/countries area,Africa,Western Africa,Sub-Saharan Africa,Low income,IDA,true,officially-assigned,true,African Group,Bamako,17,-4,mledoze/countries latlng,true,DZA;BFA;GIN;CIV;MRT;NER;SEN,XOF,French,1960,1960,1960,Wikidata UN membership start (P463/P580),medium,26794747239.88,2024,World Bank WDI NY.GDP.MKTP.CD,2024,6.979,0.285,,,100.196,38.300,65.657,11.466,2.682,29.032,1186.033,0.018,0.000,Our World in Data CO2 dataset,World Bank WDI SP.POP.TOTL;mledoze/countries area;World Bank WDI NY.GDP.MKTP.CD;Our World in Data CO2 dataset;Wikidata UN membership start (P463/P580),bulk_enriched
mm,Myanmar,Republic of the Union of Myanmar,MM,MMR,54.500091,2024,World Bank WDI SP.POP.TOTL,676578,mledoze/countries area,Asia,South-Eastern Asia,East Asia & Pacific,Lower middle income,IDA,true,officially-assigned,true,Asia and the Pacific Group,Naypyidaw,22,98,mledoze/countries latlng,false,BGD;CHN;IND;LAO;THA,MMK,Burmese,1948,1948,1948,Wikidata UN membership start (P463/P580),medium,74068349523.81,2024,World Bank WDI NY.GDP.MKTP.CD,2024,31.603,0.580,,,727.896,105.876,185.320,43.238,3.400,140.265,2573.659,0.082,0.008,Our World in Data CO2 dataset,World Bank WDI SP.POP.TOTL;mledoze/countries area;World Bank WDI NY.GDP.MKTP.CD;Our World in Data CO2 dataset;Wikidata UN membership start (P463/P580),bulk_enriched
mn,Mongolia,Mongolia,MN,MNG,3.524788,2024,World Bank WDI SP.POP.TOTL,1564110,mledoze/countries area,Asia,Eastern Asia,East Asia & Pacific,Upper middle income,IBRD,true,officially-assigned,true,Asia and the Pacific Group,Ulan Bator,46,105,mledoze/countries latlng,true,CHN;RUS,MNT,Mongolian,1992,1961,1961,Wikidata UN membership start (P463/P580),medium,23794540024.51,2024,World Bank WDI NY.GDP.MKTP.CD,2024,44.694,12.860,,,861.452,46.262,98.210,67.438,28.257,76.834,22107.053,0.116,0.002,Our World in Data CO2 dataset,World Bank WDI SP.POP.TOTL;mledoze/countries area;World Bank WDI NY.GDP.MKTP.CD;Our World in Data CO2 dataset;Wikidata UN membership start (P463/P580),bulk_enriched
mo,Macau,Macao Special Administrative Region of the People's Republic of China,MO,MAC,0.687,2024,World Bank WDI SP.POP.TOTL,30,mledoze/countries area,Asia,Eastern Asia,East Asia & Pacific,High income,Not classified,false,officially-assigned,false,,,22.16666666,113.55,mledoze/countries latlng,false,CHN,MOP,Portuguese;Chinese,1557,,1557,Wikidata inception (P571),low,49467258923.32,2024,World Bank WDI NY.GDP.MKTP.CD,2024,1.056,1.467,,,57.529,,1.169,1.166,1.623,13.978,19406.736,0.003,0.000,Our World in Data CO2 dataset,World Bank WDI SP.POP.TOTL;mledoze/countries area;World Bank WDI NY.GDP.MKTP.CD;Our World in Data CO2 dataset;Wikidata inception (P571),bulk_enriched
mp,Northern Mariana Islands,Commonwealth of the Northern Mariana Islands,MP,MNP,0.044278,2024,World Bank WDI SP.POP.TOTL,464,mledoze/countries area,Oceania,Micronesia,East Asia & Pacific,High income,Not classified,false,officially-assigned,false,,Saipan,15.2,145.75,mledoze/countries latlng,false,,USD,Carolinian;Chamorro;English,1898,,1898,Wikidata inception (P571),low,1096000000,2022,World Bank WDI NY.GDP.MKTP.CD,,,,,,,,,,,,,,,,World Bank WDI SP.POP.TOTL;mledoze/countries area;World Bank WDI NY.GDP.MKTP.CD;Wikidata inception (P571),bulk_enriched
mq,Martinique,Martinique,MQ,MTQ,1,,fallback_placeholder,1128,mledoze/countries area,Americas,Caribbean,,,,false,officially-assigned,false,,Fort-de-France,14.666667,-61,mledoze/countries latlng,false,,EUR,French,1946,,1946,Wikidata inception (P571),low,,,,,,,,,,,,,,,,,,,fallback_placeholder;mledoze/countries area;Wikidata inception (P571),partial_enriched
mr,Mauritania,Islamic Republic of Mauritania,MR,MRT,5.169395,2024,World Bank WDI SP.POP.TOTL,1030700,mledoze/countries area,Africa,Western Africa,Sub-Saharan Africa,Lower middle income,IDA,true,officially-assigned,true,African Group,Nouakchott,20,-12,mledoze/countries latlng,false,DZA;MLI;SEN;ESH,MRU,Arabic,1960,1961,1961,Wikidata UN membership start (P463/P580),medium,10908045686.88,2024,World Bank WDI NY.GDP.MKTP.CD,2024,5.239,1.013,,,99.863,5.607,18.201,7.190,3.521,19.678,3806.559,0.014,0.000,Our World in Data CO2 dataset,World Bank WDI SP.POP.TOTL;mledoze/countries area;World Bank WDI NY.GDP.MKTP.CD;Our World in Data CO2 dataset;Wikidata UN membership start (P463/P580),bulk_enriched
ms,Montserrat,Montserrat,MS,MSR,0.004414,2024,Our World in Data CO2 population,102,mledoze/countries area,Americas,Caribbean,,,,false,officially-assigned,false,,Plymouth,16.75,-62.2,mledoze/countries latlng,false,,XCD,English,1632,,1632,Wikidata inception (P571),low,,,,2024,0.027,6.022,,,1.679,,,,,0.188,42512.262,0.000,0.000,Our World in Data CO2 dataset,Our World in Data CO2 population;mledoze/countries area;Our World in Data CO2 dataset;Wikidata inception (P571),bulk_enriched
mt,Malta,Republic of Malta,MT,MLT,0.568847,2024,World Bank WDI SP.POP.TOTL,316,mledoze/countries area,Europe,Southern Europe,"Middle East, North Africa, Afghanistan & Pakistan",High income,Not classified,true,officially-assigned,true,Western European and Others Group,Valletta,35.83333333,14.58333333,mledoze/countries latlng,false,,EUR,English;Maltese,1964,1964,1964,Wikidata UN membership start (P463/P580),medium,24971574502.45,2024,World Bank WDI NY.GDP.MKTP.CD,2024,1.729,3.204,,,111.223,1.660,1.910,1.857,3.539,36.327,67320.945,0.004,0.000,Our World in Data CO2 dataset,World Bank WDI SP.POP.TOTL;mledoze/countries area;World Bank WDI NY.GDP.MKTP.CD;Our World in Data CO2 dataset;Wikidata UN membership start (P463/P580),bulk_enriched
mu,Mauritius,Republic of Mauritius,MU,MUS,1.245779,2024,World Bank WDI SP.POP.TOTL,2040,mledoze/countries area,Africa,Eastern Africa,Sub-Saharan Africa,Upper middle income,IBRD,true,officially-assigned,true,African Group,Port Louis,-20.28333333,57.55,mledoze/countries latlng,false,,MUR,English;French;Mauritian Creole,1968,1968,1968,Wikidata UN membership start (P463/P580),medium,14937861786.17,2024,World Bank WDI NY.GDP.MKTP.CD,2024,4.674,3.677,,,133.211,4.637,5.437,5.310,4.278,23.958,18847.379,0.012,0.000,Our World in Data CO2 dataset,World Bank WDI SP.POP.TOTL;mledoze/countries area;World Bank WDI NY.GDP.MKTP.CD;Our World in Data CO2 dataset;Wikidata UN membership start (P463/P580),bulk_enriched
mv,Maldives,Republic of the Maldives,MV,MDV,0.527799,2024,World Bank WDI SP.POP.TOTL,300,mledoze/countries area,Asia,Southern Asia,South Asia,Upper middle income,IDA,true,officially-assigned,true,Asia and the Pacific Group,Malé,3.25,73,mledoze/countries latlng,false,,MVR,Maldivian,1965,1965,1965,Wikidata UN membership start (P463/P580),medium,7061608267.25,2024,World Bank WDI NY.GDP.MKTP.CD,2024,2.306,4.369,,,33.654,2.306,2.537,2.537,4.808,7.755,14692.095,0.006,0.000,Our World in Data CO2 dataset,World Bank WDI SP.POP.TOTL;mledoze/countries area;World Bank WDI NY.GDP.MKTP.CD;Our World in Data CO2 dataset;Wikidata UN membership start (P463/P580),bulk_enriched
mw,Malawi,Republic of Malawi,MW,MWI,21.655286,2024,World Bank WDI SP.POP.TOTL,118484,mledoze/countries area,Africa,Eastern Africa,Sub-Saharan Africa,Low income,IDA,true,officially-assigned,true,African Group,Lilongwe,-13.5,34,mledoze/countries latlng,true,MOZ;TZA;ZMB,MWK,English;Chewa,1964,1964,1964,Wikidata UN membership start (P463/P580),medium,11316411329.46,2024,World Bank WDI NY.GDP.MKTP.CD,2024,1.881,0.087,,,57.557,11.138,25.004,6.076,1.155,8.645,399.197,0.005,0.000,Our World in Data CO2 dataset,World Bank WDI SP.POP.TOTL;mledoze/countries area;World Bank WDI NY.GDP.MKTP.CD;Our World in Data CO2 dataset;Wikidata UN membership start (P463/P580),bulk_enriched
mx,Mexico,United Mexican States,MX,MEX,130.861007,2024,World Bank WDI SP.POP.TOTL,1964375,mledoze/countries area,Americas,North America,Latin America & Caribbean,Upper middle income,IBRD,true,officially-assigned,true,Latin American and Caribbean Group,Mexico City,23,-102,mledoze/countries latlng,false,BLZ;GTM;USA,MXN,Spanish,1810,1945,1945,Wikidata UN membership start (P463/P580),medium,1856365616165.94,2024,World Bank WDI NY.GDP.MKTP.CD,2024,460.988,3.523,,,22015.852,423.750,635.719,551.308,4.858,2310.191,17653.777,1.194,0.015,Our World in Data CO2 dataset,World Bank WDI SP.POP.TOTL;mledoze/countries area;World Bank WDI NY.GDP.MKTP.CD;Our World in Data CO2 dataset;Wikidata UN membership start (P463/P580),bulk_enriched
my,Malaysia,Malaysia,MY,MYS,35.557673,2024,World Bank WDI SP.POP.TOTL,330803,mledoze/countries area,Asia,South-Eastern Asia,East Asia & Pacific,Upper middle income,IBRD,true,officially-assigned,true,Asia and the Pacific Group,Kuala Lumpur,2.5,112.5,mledoze/countries latlng,false,BRN;IDN;THA,MYR,English;Malay,1963,1963,1963,Wikidata UN membership start (P463/P580),medium,422227005428.69,2024,World Bank WDI NY.GDP.MKTP.CD,2024,290.224,8.162,,,7042.410,352.208,388.685,317.191,10.931,1381.980,38865.867,0.752,0.009,Our World in Data CO2 dataset,World Bank WDI SP.POP.TOTL;mledoze/countries area;World Bank WDI NY.GDP.MKTP.CD;Our World in Data CO2 dataset;Wikidata UN membership start (P463/P580),bulk_enriched
mz,Mozambique,Republic of Mozambique,MZ,MOZ,34.631766,2024,World Bank WDI SP.POP.TOTL,801590,mledoze/countries area,Africa,Eastern Africa,Sub-Saharan Africa,Low income,IDA,true,officially-assigned,true,African Group,Maputo,-18.25,35,mledoze/countries latlng,false,MWI;ZAF;SWZ;TZA;ZMB;ZWE,MZN,Portuguese,1975,1975,1975,Wikidata UN membership start (P463/P580),medium,22745341305.06,2024,World Bank WDI NY.GDP.MKTP.CD,2024,8.613,0.249,,,211.220,39.184,60.429,27.136,1.745,61.015,1761.810,0.022,0.001,Our World in Data CO2 dataset,World Bank WDI SP.POP.TOTL;mledoze/countries area;World Bank WDI NY.GDP.MKTP.CD;Our World in Data CO2 dataset;Wikidata UN membership start (P463/P580),bulk_enriched
na,Namibia,Republic of Namibia,NA,NAM,3.030131,2024,World Bank WDI SP.POP.TOTL,825615,mledoze/countries area,Africa,Southern Africa,Sub-Saharan Africa,Lower middle income,IBRD,true,officially-assigned,true,African Group,Windhoek,-22,17,mledoze/countries latlng,false,AGO;BWA;ZAF;ZMB,NAD;ZAR,Afrikaans;German;English;Herero;Khoekhoe;Kwangali;Lozi;Ndonga;Tswana,1990,1990,1990,Wikidata UN membership start (P463/P580),medium,13372354511.72,2024,World Bank WDI NY.GDP.MKTP.CD,2024,3.469,1.145,,,87.200,8.114,17.756,5.223,5.860,18.962,6257.665,0.009,0.000,Our World in Data CO2 dataset,World Bank WDI SP.POP.TOTL;mledoze/countries area;World Bank WDI NY.GDP.MKTP.CD;Our World in Data CO2 dataset;Wikidata UN membership start (P463/P580),bulk_enriched
nc,New Caledonia,New Caledonia,NC,NCL,0.292639,2024,World Bank WDI SP.POP.TOTL,18575,mledoze/countries area,Oceania,Melanesia,East Asia & Pacific,High income,Not classified,false,officially-assigned,false,,Nouméa,-21.5,165.5,mledoze/countries latlng,false,,XPF,French,1853,,1853,Wikidata inception (P571),low,8548919387.13,2024,World Bank WDI NY.GDP.MKTP.CD,2024,5.287,18.064,,,171.769,,,,,14.050,48007.148,0.014,0.000,Our World in Data CO2 dataset,World Bank WDI SP.POP.TOTL;mledoze/countries area;World Bank WDI NY.GDP.MKTP.CD;Our World in Data CO2 dataset;Wikidata inception (P571),bulk_enriched
ne,Niger,Republic of Niger,NE,NER,27.032412,2024,World Bank WDI SP.POP.TOTL,1267000,mledoze/countries area,Africa,Western Africa,Sub-Saharan Africa,Low income,IDA,true,officially-assigned,true,African Group,Niamey,16,8,mledoze/countries latlng,true,DZA;BEN;BFA;TCD;LBY;MLI;NGA,XOF,French,1960,1960,1960,Wikidata UN membership start (P463/P580),medium,19876128485.79,2024,World Bank WDI NY.GDP.MKTP.CD,2024,3.170,0.117,,,61.507,9.523,52.135,6.716,1.929,13.817,511.132,0.008,0.001,Our World in Data CO2 dataset,World Bank WDI SP.POP.TOTL;mledoze/countries area;World Bank WDI NY.GDP.MKTP.CD;Our World in Data CO2 dataset;Wikidata UN membership start (P463/P580),bulk_enriched
nf,Norfolk Island,Territory of Norfolk Island,NF,NFK,1,,fallback_placeholder,36,mledoze/countries area,Oceania,Australia and New Zealand,,,,false,officially-assigned,false,,Kingston,-29.03333333,167.95,mledoze/countries latlng,false,,AUD,English;Norfuk,,,1900,fallback_placeholder,none,,,,,,,,,,,,,,,,,,,fallback_placeholder;mledoze/countries area,partial_enriched
ng,Nigeria,Federal Republic of Nigeria,NG,NGA,232.679478,2024,World Bank WDI SP.POP.TOTL,923768,mledoze/countries area,Africa,Western Africa,Sub-Saharan Africa,Lower middle income,Blend,true,officially-assigned,true,African Group,Abuja,10,8,mledoze/countries latlng,false,BEN;CMR;TCD;NER,NGN,English,1963,1960,1960,Wikidata UN membership start (P463/P580),medium,252261880141.15,2024,World Bank WDI NY.GDP.MKTP.CD,2024,135.824,0.584,,,4710.830,179.339,384.682,284.002,1.653,514.906,2212.942,0.352,0.006,Our World in Data CO2 dataset,World Bank WDI SP.POP.TOTL;mledoze/countries area;World Bank WDI NY.GDP.MKTP.CD;Our World in Data CO2 dataset;Wikidata UN membership start (P463/P580),bulk_enriched
ni,Nicaragua,Republic of Nicaragua,NI,NIC,6.91614,2024,World Bank WDI SP.POP.TOTL,130373,mledoze/countries area,Americas,Central America,Latin America & Caribbean,Lower middle income,IDA,true,officially-assigned,true,Latin American and Caribbean Group,Managua,13,-85,mledoze/countries latlng,false,CRI;HND,NIO,Spanish,1821,1945,1945,Wikidata UN membership start (P463/P580),medium,19693982967.59,2024,World Bank WDI NY.GDP.MKTP.CD,2024,5.630,0.814,,,197.651,15.009,38.641,7.849,5.587,26.439,3822.747,0.015,0.002,Our World in Data CO2 dataset,World Bank WDI SP.POP.TOTL;mledoze/countries area;World Bank WDI NY.GDP.MKTP.CD;Our World in Data CO2 dataset;Wikidata UN membership start (P463/P580),bulk_enriched
nl,Netherlands,Kingdom of the Netherlands,NL,NLD,17.993485,2024,World Bank WDI SP.POP.TOTL,41850,mledoze/countries area,Europe,Western Europe,Europe & Central Asia,High income,Not classified,true,officially-assigned,true,Western European and Others Group,Amsterdam,52.5,5.75,mledoze/countries latlng,false,BEL;DEU,EUR,Dutch,1815,1945,1945,Wikidata UN membership start (P463/P580),medium,1214927698572.66,2024,World Bank WDI NY.GDP.MKTP.CD,2024,114.785,6.297,,,12261.704,119.926,147.205,124.357,8.075,926.465,50824.402,0.297,0.006,Our World in Data CO2 dataset,World Bank WDI SP.POP.TOTL;mledoze/countries area;World Bank WDI NY.GDP.MKTP.CD;Our World in Data CO2 dataset;Wikidata UN membership start (P463/P580),bulk_enriched
no,Norway,Kingdom of Norway,NO,NOR,5.572279,2024,World Bank WDI SP.POP.TOTL,323802,mledoze/countries area,Europe,Northern Europe,Europe & Central Asia,High income,Not classified,true,officially-assigned,true,Western European and Others Group,Oslo,62,10,mledoze/countries latlng,false,FIN;SWE;RUS,NOK,Norwegian Nynorsk;Norwegian Bokmål;Sami,0900,1945,1945,Wikidata UN membership start (P463/P580),medium,483592648313.3,2024,World Bank WDI NY.GDP.MKTP.CD,2024,37.183,6.668,,,2787.295,44.926,56.189,44.496,10.076,555.626,99634.312,0.096,0.002,Our World in Data CO2 dataset,World Bank WDI SP.POP.TOTL;mledoze/countries area;World Bank WDI NY.GDP.MKTP.CD;Our World in Data CO2 dataset;Wikidata UN membership start (P463/P580),bulk_enriched
np,Nepal,Federal Democratic Republic of Nepal,NP,NPL,29.651054,2024,World Bank WDI SP.POP.TOTL,147181,mledoze/countries area,Asia,Southern Asia,South Asia,Lower middle income,IDA,true,officially-assigned,true,Asia and the Pacific Group,Kathmandu,28,84,mledoze/countries latlng,true,CHN;IND,NPR,Nepali,2008,1955,1955,Wikidata UN membership start (P463/P580),medium,42914268286.71,2024,World Bank WDI NY.GDP.MKTP.CD,2024,18.776,0.633,,,232.096,25.525,58.839,26.468,1.984,52.666,1776.182,0.049,0.001,Our World in Data CO2 dataset,World Bank WDI SP.POP.TOTL;mledoze/countries area;World Bank WDI NY.GDP.MKTP.CD;Our World in Data CO2 dataset;Wikidata UN membership start (P463/P580),bulk_enriched
nr,Nauru,Republic of Nauru,NR,NRU,0.011947,2024,World Bank WDI SP.POP.TOTL,21,mledoze/countries area,Oceania,Micronesia,East Asia & Pacific,High income,IBRD,true,officially-assigned,true,Asia and the Pacific Group,Yaren,-0.53333333,166.91666666,mledoze/countries latlng,false,,AUD,English;Nauru,1968,1999,1999,Wikidata UN membership start (P463/P580),medium,162588620.63,2024,World Bank WDI NY.GDP.MKTP.CD,2024,0.061,5.130,,,5.074,0.061,0.064,0.062,5.339,0.383,32034.711,0.000,0.000,Our World in Data CO2 dataset,World Bank WDI SP.POP.TOTL;mledoze/countries area;World Bank WDI NY.GDP.MKTP.CD;Our World in Data CO2 dataset;Wikidata UN membership start (P463/P580),bulk_enriched
nu,Niue,Niue,NU,NIU,0.001841,2024,Our World in Data CO2 population,260,mledoze/countries area,Oceania,Polynesia,,,,false,officially-assigned,false,,Alofi,-19.03333333,-169.86666666,mledoze/countries latlng,false,,NZD,English;Niuean,1974,,1974,Wikidata inception (P571),low,,,,2024,0.008,4.143,,,0.286,0.008,0.009,0.008,4.712,0.034,18668.357,0.000,0.000,Our World in Data CO2 dataset,Our World in Data CO2 population;mledoze/countries area;Our World in Data CO2 dataset;Wikidata inception (P571),bulk_enriched
nz,New Zealand,New Zealand,NZ,NZL,5.2875,2024,World Bank WDI SP.POP.TOTL,270467,mledoze/countries area,Oceania,Australia and New Zealand,East Asia & Pacific,High income,Not classified,true,officially-assigned,true,Western European and Others Group,Wellington,-41,174,mledoze/countries latlng,false,,NZD,English;Māori;New Zealand Sign Language,1841,1945,1945,Wikidata UN membership start (P463/P580),medium,260172385097.62,2024,World Bank WDI NY.GDP.MKTP.CD,2024,32.479,6.229,,,2012.347,46.218,81.925,39.176,15.713,233.124,44711.750,0.084,0.003,Our World in Data CO2 dataset,World Bank WDI SP.POP.TOTL;mledoze/countries area;World Bank WDI NY.GDP.MKTP.CD;Our World in Data CO2 dataset;Wikidata UN membership start (P463/P580),bulk_enriched
om,Oman,Sultanate of Oman,OM,OMN,5.281538,2024,World Bank WDI SP.POP.TOTL,309500,mledoze/countries area,Asia,Western Asia,"Middle East, North Africa, Afghanistan & Pakistan",High income,Not classified,true,officially-assigned,true,Asia and the Pacific Group,Muscat,21,57,mledoze/countries latlng,false,SAU;ARE;YEM,OMR,Arabic,1970,1971,1971,Wikidata UN membership start (P463/P580),medium,107137198769.39,2024,World Bank WDI NY.GDP.MKTP.CD,2024,82.662,15.651,,,1673.353,82.931,117.089,114.923,22.170,446.875,84610.641,0.214,0.001,Our World in Data CO2 dataset,World Bank WDI SP.POP.TOTL;mledoze/countries area;World Bank WDI NY.GDP.MKTP.CD;Our World in Data CO2 dataset;Wikidata UN membership start (P463/P580),bulk_enriched
pa,Panama,Republic of Panama,PA,PAN,4.515577,2024,World Bank WDI SP.POP.TOTL,75417,mledoze/countries area,Americas,Central America,Latin America & Caribbean,High income,IBRD,true,officially-assigned,true,Latin American and Caribbean Group,Panama City,9,-80,mledoze/countries latlng,false,COL;CRI,PAB;USD,Spanish,1903,1945,1945,Wikidata UN membership start (P463/P580),medium,86523959131.75,2024,World Bank WDI NY.GDP.MKTP.CD,2024,12.664,2.805,,,360.476,14.670,21.152,14.593,4.684,104.355,23110.113,0.033,0.001,Our World in Data CO2 dataset,World Bank WDI SP.POP.TOTL;mledoze/countries area;World Bank WDI NY.GDP.MKTP.CD;Our World in Data CO2 dataset;Wikidata UN membership start (P463/P580),bulk_enriched
pc,PC,PC,PC,,1,,fallback_placeholder,1779,Wikidata P2046 area,unknown,unknown,,,,,,false,,,,,,,,,,1947,,1947,Wikidata inception (P571),low,,,,,,,,,,,,,,,,,,,fallback_placeholder;Wikidata P2046 area;Wikidata inception (P571),placeholder
pe,Peru,Republic of Peru,PE,PER,34.217848,2024,World Bank WDI SP.POP.TOTL,1285216,mledoze/countries area,Americas,South America,Latin America & Caribbean,Upper middle income,IBRD,true,officially-assigned,true,Latin American and Caribbean Group,Lima,-10,-76,mledoze/countries latlng,false,BOL;BRA;CHL;COL;ECU,PEN,Aymara;Quechua;Spanish,1821,1945,1945,Wikidata UN membership start (P463/P580),medium,289221969062.94,2024,World Bank WDI NY.GDP.MKTP.CD,2024,70.247,2.053,,,2161.823,86.929,151.071,83.441,4.415,374.393,10941.455,0.182,0.004,Our World in Data CO2 dataset,World Bank WDI SP.POP.TOTL;mledoze/countries area;World Bank WDI NY.GDP.MKTP.CD;Our World in Data CO2 dataset;Wikidata UN membership start (P463/P580),bulk_enriched
pf,French Polynesia,French Polynesia,PF,PYF,0.281807,2024,World Bank WDI SP.POP.TOTL,4167,mledoze/countries area,Oceania,Polynesia,East Asia & Pacific,High income,Not classified,false,officially-assigned,false,,Papeetē,-15,-140,mledoze/countries latlng,false,,XPF,French,1842,,1842,Wikidata inception (P571),low,6323716355.05,2024,World Bank WDI NY.GDP.MKTP.CD,2024,0.923,3.275,,,35.020,,,,,5.725,20313.357,0.002,0.000,Our World in Data CO2 dataset,World Bank WDI SP.POP.TOTL;mledoze/countries area;World Bank WDI NY.GDP.MKTP.CD;Our World in Data CO2 dataset;Wikidata inception (P571),bulk_enriched
pg,Papua New Guinea,Independent State of Papua New Guinea,PG,PNG,10.576502,2024,World Bank WDI SP.POP.TOTL,462840,mledoze/countries area,Oceania,Melanesia,East Asia & Pacific,Lower middle income,Blend,true,officially-assigned,true,Asia and the Pacific Group,Port Moresby,-6,147,mledoze/countries latlng,false,IDN,PGK,English;Hiri Motu;Tok Pisin,1975,1975,1975,Wikidata UN membership start (P463/P580),medium,31800428265.52,2024,World Bank WDI NY.GDP.MKTP.CD,2024,8.345,0.789,,,209.709,36.314,43.588,11.376,4.121,32.747,3096.235,0.022,0.001,Our World in Data CO2 dataset,World Bank WDI SP.POP.TOTL;mledoze/countries area;World Bank WDI NY.GDP.MKTP.CD;Our World in Data CO2 dataset;Wikidata UN membership start (P463/P580),bulk_enriched
ph,Philippines,Republic of the Philippines,PH,PHL,115.84367,2024,World Bank WDI SP.POP.TOTL,342353,mledoze/countries area,Asia,South-Eastern Asia,East Asia & Pacific,Lower middle income,IBRD,true,officially-assigned,true,Asia and the Pacific Group,Manila,13,122,mledoze/countries latlng,false,,PHP,English;Filipino,1565,1946,1946,Wikidata UN membership start (P463/P580),medium,461617509782.35,2024,World Bank WDI NY.GDP.MKTP.CD,2024,174.878,1.510,,,3983.639,217.690,305.716,207.080,2.639,652.563,5633.132,0.453,0.008,Our World in Data CO2 dataset,World Bank WDI SP.POP.TOTL;mledoze/countries area;World Bank WDI NY.GDP.MKTP.CD;Our World in Data CO2 dataset;Wikidata UN membership start (P463/P580),bulk_enriched
pk,Pakistan,Islamic Republic of Pakistan,PK,PAK,251.269164,2024,World Bank WDI SP.POP.TOTL,881912,mledoze/countries area,Asia,Southern Asia,"Middle East, North Africa, Afghanistan & Pakistan",Lower middle income,Blend,true,officially-assigned,true,Asia and the Pacific Group,Islamabad,30,70,mledoze/countries latlng,false,AFG;CHN;IND;IRN,PKR,English;Urdu,1947,1947,1947,Wikidata UN membership start (P463/P580),medium,371570000121.27,2024,World Bank WDI NY.GDP.MKTP.CD,2024,179.800,0.716,,,5739.839,162.650,473.777,245.199,1.886,888.373,3535.542,0.466,0.003,Our World in Data CO2 dataset,World Bank WDI SP.POP.TOTL;mledoze/countries area;World Bank WDI NY.GDP.MKTP.CD;Our World in Data CO2 dataset;Wikidata UN membership start (P463/P580),bulk_enriched
pl,Poland,Republic of Poland,PL,POL,36.559233,2024,World Bank WDI SP.POP.TOTL,312679,mledoze/countries area,Europe,Central Europe,Europe & Central Asia,High income,IBRD,true,officially-assigned,true,Eastern European Group,Warsaw,52,20,mledoze/countries latlng,false,BLR;CZE;DEU;LTU;RUS;SVK;UKR,PLN,Polish,1918,1945,1945,Wikidata UN membership start (P463/P580),medium,917767106146.76,2024,World Bank WDI NY.GDP.MKTP.CD,2024,272.862,7.080,,,29043.918,243.976,332.347,311.723,8.624,1125.569,29205.824,0.707,0.014,Our World in Data CO2 dataset,World Bank WDI SP.POP.TOTL;mledoze/countries area;World Bank WDI NY.GDP.MKTP.CD;Our World in Data CO2 dataset;Wikidata UN membership start (P463/P580),bulk_enriched
pm,Saint Pierre and Miquelon,Saint Pierre and Miquelon,PM,SPM,0.005652,2024,Our World in Data CO2 population,242,mledoze/countries area,Americas,North America,,,,false,officially-assigned,false,,Saint-Pierre,46.83333333,-56.33333333,mledoze/countries latlng,false,,EUR,French,1700,,1700,Wikidata inception (P571),low,,,,2024,0.055,9.788,,,3.896,,,,,0.302,53392.555,0.000,0.000,Our World in Data CO2 dataset,Our World in Data CO2 population;mledoze/countries area;Our World in Data CO2 dataset;Wikidata inception (P571),bulk_enriched
pn,Pitcairn Islands,Pitcairn Group of Islands,PN,PCN,1,,fallback_placeholder,47,mledoze/countries area,Oceania,Polynesia,,,,false,officially-assigned,false,,Adamstown,-25.06666666,-130.1,mledoze/countries latlng,false,,NZD,English,1838,,1838,Wikidata inception (P571),low,,,,,,,,,,,,,,,,,,,fallback_placeholder;mledoze/countries area;Wikidata inception (P571),partial_enriched
pr,Puerto Rico,Commonwealth of Puerto Rico,PR,PRI,3.203295,2024,World Bank WDI SP.POP.TOTL,8870,mledoze/countries area,Americas,Caribbean,Latin America & Caribbean,High income,Not classified,false,officially-assigned,false,,San Juan,18.25,-66.5,mledoze/countries latlng,false,,USD,English;Spanish,1898,,1898,Wikidata inception (P571),low,126029527033.71,2024,World Bank WDI NY.GDP.MKTP.CD,,,,,,,,,,,,,,,,World Bank WDI SP.POP.TOTL;mledoze/countries area;World Bank WDI NY.GDP.MKTP.CD;Wikidata inception (P571),bulk_enriched
ps,Palestine,State of Palestine,PS,PSE,5.289152,2024,World Bank WDI SP.POP.TOTL,6220,mledoze/countries area,Asia,Western Asia,"Middle East, North Africa, Afghanistan & Pakistan",Lower middle income,Not classified,false,officially-assigned,false,,Ramallah,31.9,35.2,mledoze/countries latlng,false,ISR;EGY;JOR,EGP;ILS;JOD,Arabic,1988,,1988,previous_worked_example,worked_example,13711100000,2024,World Bank WDI NY.GDP.MKTP.CD,2024,4.780,0.870,,,77.991,4.818,,,,27.040,4920.441,0.012,0.000,Our World in Data CO2 dataset,World Bank WDI SP.POP.TOTL;mledoze/countries area;World Bank WDI NY.GDP.MKTP.CD;Our World in Data CO2 dataset;previous_worked_example,bulk_enriched
pt,Portugal,Portuguese Republic,PT,PRT,10.694681,2024,World Bank WDI SP.POP.TOTL,92090,mledoze/countries area,Europe,Southern Europe,Europe & Central Asia,High income,Not classified,true,officially-assigned,true,Western European and Others Group,Lisbon,39.5,-8,mledoze/countries latlng,false,ESP,EUR,Portuguese,1128,1955,1955,Wikidata UN membership start (P463/P580),medium,313271185085.1,2024,World Bank WDI NY.GDP.MKTP.CD,2024,35.539,3.409,,,2767.615,39.658,54.189,42.362,5.198,270.242,25921.791,0.092,0.001,Our World in Data CO2 dataset,World Bank WDI SP.POP.TOTL;mledoze/countries area;World Bank WDI NY.GDP.MKTP.CD;Our World in Data CO2 dataset;Wikidata UN membership start (P463/P580),bulk_enriched
pw,Palau,Republic of Palau,PW,PLW,0.017695,2024,World Bank WDI SP.POP.TOTL,459,mledoze/countries area,Oceania,Micronesia,East Asia & Pacific,High income,IBRD,true,officially-assigned,true,Asia and the Pacific Group,Ngerulmud,7.5,134.5,mledoze/countries latlng,false,,USD,English;Palauan,1994,1994,1994,Wikidata UN membership start (P463/P580),medium,276733062.74,2023,World Bank WDI NY.GDP.MKTP.CD,2024,0.226,12.760,,,11.399,0.226,0.294,0.292,16.579,,,0.001,0.000,Our World in Data CO2 dataset,World Bank WDI SP.POP.TOTL;mledoze/countries area;World Bank WDI NY.GDP.MKTP.CD;Our World in Data CO2 dataset;Wikidata UN membership start (P463/P580),bulk_enriched
py,Paraguay,Republic of Paraguay,PY,PRY,6.929153,2024,World Bank WDI SP.POP.TOTL,406752,mledoze/countries area,Americas,South America,Latin America & Caribbean,Upper middle income,IBRD,true,officially-assigned,true,Latin American and Caribbean Group,Asunción,-23,-58,mledoze/countries latlng,true,ARG;BOL;BRA,PYG,Guaraní;Spanish,1811,1945,1945,Wikidata UN membership start (P463/P580),medium,44458118397.44,2024,World Bank WDI NY.GDP.MKTP.CD,2024,7.937,1.145,,,208.530,23.206,66.211,10.904,9.555,54.795,7907.943,0.021,0.002,Our World in Data CO2 dataset,World Bank WDI SP.POP.TOTL;mledoze/countries area;World Bank WDI NY.GDP.MKTP.CD;Our World in Data CO2 dataset;Wikidata UN membership start (P463/P580),bulk_enriched
qa,Qatar,State of Qatar,QA,QAT,2.857822,2024,World Bank WDI SP.POP.TOTL,11586,mledoze/countries area,Asia,Western Asia,"Middle East, North Africa, Afghanistan & Pakistan",High income,Not classified,true,officially-assigned,true,Asia and the Pacific Group,Doha,25.5,51.25,mledoze/countries latlng,false,SAU,QAR,Arabic,1870,1971,1971,Wikidata UN membership start (P463/P580),medium,219162637362.64,2024,World Bank WDI NY.GDP.MKTP.CD,2024,125.812,41.271,,,2590.880,125.835,149.234,148.616,48.955,653.950,214520.297,0.326,0.001,Our World in Data CO2 dataset,World Bank WDI SP.POP.TOTL;mledoze/countries area;World Bank WDI NY.GDP.MKTP.CD;Our World in Data CO2 dataset;Wikidata UN membership start (P463/P580),bulk_enriched
re,Réunion,Réunion Island,RE,REU,1,,fallback_placeholder,2511,mledoze/countries area,Africa,Eastern Africa,,,,false,officially-assigned,false,,Saint-Denis,-21.15,55.5,mledoze/countries latlng,false,,EUR,French,1946,,1946,Wikidata inception (P571),low,,,,,,,,,,,,,,,,,,,fallback_placeholder;mledoze/countries area;Wikidata inception (P571),partial_enriched
ro,Romania,Romania,RO,ROU,19.051804,2024,World Bank WDI SP.POP.TOTL,238391,mledoze/countries area,Europe,Southeast Europe,Europe & Central Asia,High income,IBRD,true,officially-assigned,true,Eastern European Group,Bucharest,46,25,mledoze/countries latlng,false,BGR;HUN;MDA;SRB;UKR,RON,Romanian,1859,1955,1955,Wikidata UN membership start (P463/P580),medium,382564217988.87,2024,World Bank WDI NY.GDP.MKTP.CD,2024,68.551,3.605,,,8861.765,47.184,90.268,85.303,4.747,355.471,18694.158,0.178,0.005,Our World in Data CO2 dataset,World Bank WDI SP.POP.TOTL;mledoze/countries area;World Bank WDI NY.GDP.MKTP.CD;Our World in Data CO2 dataset;Wikidata UN membership start (P463/P580),bulk_enriched
rs,Serbia,Republic of Serbia,RS,SRB,6.586476,2024,World Bank WDI SP.POP.TOTL,88361,mledoze/countries area,Europe,Southeast Europe,Europe & Central Asia,Upper middle income,IBRD,true,officially-assigned,true,Eastern European Group,Belgrade,44,21,mledoze/countries latlng,true,BIH;BGR;HRV;HUN;UNK;MKD;MNE;ROU,RSD,Serbian,2006,2000,2000,Wikidata UN membership start (P463/P580),medium,90097765959.11,2024,World Bank WDI NY.GDP.MKTP.CD,2024,42.019,6.238,,,2924.891,25.614,42.808,46.628,6.355,169.881,25219.010,0.109,0.002,Our World in Data CO2 dataset,World Bank WDI SP.POP.TOTL;mledoze/countries area;World Bank WDI NY.GDP.MKTP.CD;Our World in Data CO2 dataset;Wikidata UN membership start (P463/P580),bulk_enriched
ru,Russia,Russian Federation,RU,RUS,143.533851,2024,World Bank WDI SP.POP.TOTL,17098242,mledoze/countries area,Europe,Eastern Europe,Europe & Central Asia,High income,IBRD,true,officially-assigned,true,Eastern European Group,Moscow,60,100,mledoze/countries latlng,false,AZE;BLR;CHN;EST;FIN;GEO;KAZ;PRK;LVA;LTU;MNG;NOR;POL;UKR,RUB,Russian,1263,1991,1991,Wikidata UN membership start (P463/P580),medium,2173835806671.66,2024,World Bank WDI NY.GDP.MKTP.CD,2024,1780.524,12.295,,,122808.227,2166.402,2729.235,2236.942,18.846,9049.149,62485.312,4.613,0.096,Our World in Data CO2 dataset,World Bank WDI SP.POP.TOTL;mledoze/countries area;World Bank WDI NY.GDP.MKTP.CD;Our World in Data CO2 dataset;Wikidata UN membership start (P463/P580),bulk_enriched
rw,Rwanda,Republic of Rwanda,RW,RWA,14.256567,2024,World Bank WDI SP.POP.TOTL,26338,mledoze/countries area,Africa,Eastern Africa,Sub-Saharan Africa,Low income,IDA,true,officially-assigned,true,African Group,Kigali,-2,30,mledoze/countries latlng,true,BDI;COD;TZA;UGA,RWF,English;French;Kinyarwanda,1962,1962,1962,Wikidata UN membership start (P463/P580),medium,14251642235.1,2024,World Bank WDI NY.GDP.MKTP.CD,2024,2.034,0.143,,,37.316,4.321,9.716,5.480,0.682,7.863,551.534,0.005,0.000,Our World in Data CO2 dataset,World Bank WDI SP.POP.TOTL;mledoze/countries area;World Bank WDI NY.GDP.MKTP.CD;Our World in Data CO2 dataset;Wikidata UN membership start (P463/P580),bulk_enriched
sa,Saudi Arabia,Kingdom of Saudi Arabia,SA,SAU,35.30028,2024,World Bank WDI SP.POP.TOTL,2149690,mledoze/countries area,Asia,Western Asia,"Middle East, North Africa, Afghanistan & Pakistan",High income,Not classified,true,officially-assigned,true,Asia and the Pacific Group,Riyadh,25,45,mledoze/countries latlng,false,IRQ;JOR;KWT;OMN;QAT;ARE;YEM,SAR,Arabic,1727,1945,1945,Wikidata UN membership start (P463/P580),medium,1239804533333.33,2024,World Bank WDI NY.GDP.MKTP.CD,2024,692.133,20.379,,,19020.340,692.605,821.839,806.327,24.198,3290.424,96883.312,1.793,0.008,Our World in Data CO2 dataset,World Bank WDI SP.POP.TOTL;mledoze/countries area;World Bank WDI NY.GDP.MKTP.CD;Our World in Data CO2 dataset;Wikidata UN membership start (P463/P580),bulk_enriched
sb,Solomon Islands,Solomon Islands,SB,SLB,0.819198,2024,World Bank WDI SP.POP.TOTL,28896,mledoze/countries area,Oceania,Melanesia,East Asia & Pacific,Lower middle income,IDA,true,officially-assigned,true,Asia and the Pacific Group,Honiara,-8,159,mledoze/countries latlng,false,,SBD,English,1978,1978,1978,Wikidata UN membership start (P463/P580),medium,1583964703.75,2024,World Bank WDI NY.GDP.MKTP.CD,2024,0.295,0.360,,,11.610,5.550,3.396,0.545,4.145,1.345,1641.388,0.001,0.000,Our World in Data CO2 dataset,World Bank WDI SP.POP.TOTL;mledoze/countries area;World Bank WDI NY.GDP.MKTP.CD;Our World in Data CO2 dataset;Wikidata UN membership start (P463/P580),bulk_enriched
sc,Seychelles,Republic of Seychelles,SC,SYC,0.121354,2024,World Bank WDI SP.POP.TOTL,452,mledoze/countries area,Africa,Eastern Africa,Sub-Saharan Africa,High income,IBRD,true,officially-assigned,true,African Group,Victoria,-4.58333333,55.66666666,mledoze/countries latlng,false,,SCR,Seychellois Creole;English;French,1976,1976,1976,Wikidata UN membership start (P463/P580),medium,2167239562.46,2024,World Bank WDI NY.GDP.MKTP.CD,2024,0.653,5.003,,,16.113,0.653,0.764,0.757,5.857,4.122,31604.953,0.002,0.000,Our World in Data CO2 dataset,World Bank WDI SP.POP.TOTL;mledoze/countries area;World Bank WDI NY.GDP.MKTP.CD;Our World in Data CO2 dataset;Wikidata UN membership start (P463/P580),bulk_enriched
sd,Sudan,Republic of the Sudan,SD,SDN,50.448963,2024,World Bank WDI SP.POP.TOTL,1886068,mledoze/countries area,Africa,Northern Africa,Sub-Saharan Africa,Low income,IDA,true,officially-assigned,true,African Group,Khartoum,15,30,mledoze/countries latlng,false,CAF;TCD;EGY;ERI;ETH;LBY;SSD,SDG,Arabic;English,1956,1956,1956,Wikidata UN membership start (P463/P580),medium,49672435513.11,2024,World Bank WDI NY.GDP.MKTP.CD,2024,17.795,0.353,,,517.017,26.660,134.297,37.203,2.662,64.654,1281.580,0.046,0.001,Our World in Data CO2 dataset,World Bank WDI SP.POP.TOTL;mledoze/countries area;World Bank WDI NY.GDP.MKTP.CD;Our World in Data CO2 dataset;Wikidata UN membership start (P463/P580),bulk_enriched
se,Sweden,Kingdom of Sweden,SE,SWE,10.569709,2024,World Bank WDI SP.POP.TOTL,450295,mledoze/countries area,Europe,Northern Europe,Europe & Central Asia,High income,Not classified,true,officially-assigned,true,Western European and Others Group,Stockholm,62,15,mledoze/countries latlng,false,FIN;NOR,SEK,Swedish,0900,1946,1946,Wikidata UN membership start (P463/P580),medium,603715224265.8,2024,World Bank WDI NY.GDP.MKTP.CD,2024,38.097,3.592,,,5134.554,46.087,56.954,44.427,5.369,610.004,57509.574,0.099,0.003,Our World in Data CO2 dataset,World Bank WDI SP.POP.TOTL;mledoze/countries area;World Bank WDI NY.GDP.MKTP.CD;Our World in Data CO2 dataset;Wikidata UN membership start (P463/P580),bulk_enriched
sg,Singapore,Republic of Singapore,SG,SGP,6.03686,2024,World Bank WDI SP.POP.TOTL,710,mledoze/countries area,Asia,South-Eastern Asia,East Asia & Pacific,High income,Not classified,true,officially-assigned,true,Asia and the Pacific Group,Singapore,1.36666666,103.8,mledoze/countries latlng,false,,SGD,English;Malay;Tamil;Chinese,1965,1965,1965,Wikidata UN membership start (P463/P580),medium,547386645891.85,2024,World Bank WDI NY.GDP.MKTP.CD,2024,53.919,9.245,,,2247.705,54.017,61.181,61.045,10.490,1053.921,180701.453,0.140,0.001,Our World in Data CO2 dataset,World Bank WDI SP.POP.TOTL;mledoze/countries area;World Bank WDI NY.GDP.MKTP.CD;Our World in Data CO2 dataset;Wikidata UN membership start (P463/P580),bulk_enriched
sh-ac,SH-AC,SH-AC,SH-AC,,1,,fallback_placeholder,1,fallback_placeholder,unknown,unknown,,,,,,false,,,,,,,,,,,,1900,fallback_placeholder,none,,,,,,,,,,,,,,,,,,,fallback_placeholder,placeholder
sh-hl,SH-HL,SH-HL,SH-HL,,1,,fallback_placeholder,1,fallback_placeholder,unknown,unknown,,,,,,false,,,,,,,,,,,,1900,fallback_placeholder,none,,,,,,,,,,,,,,,,,,,fallback_placeholder,placeholder
sh-ta,SH-TA,SH-TA,SH-TA,,1,,fallback_placeholder,1,fallback_placeholder,unknown,unknown,,,,,,false,,,,,,,,,,,,1900,fallback_placeholder,none,,,,,,,,,,,,,,,,,,,fallback_placeholder,placeholder
sh,"Saint Helena, Ascension and Tristan da Cunha","Saint Helena, Ascension and Tristan da Cunha",SH,SHN,0.005262,2024,Our World in Data CO2 population,394,mledoze/countries area,Africa,Western Africa,,,,false,officially-assigned,false,,Jamestown,-15.95,-5.72,mledoze/countries latlng,false,,GBP;SHP,English,1833,,1833,Wikidata inception (P571),low,,,,2024,0.011,2.165,,,0.422,,0.015,0.013,2.808,0.044,8416.186,0.000,0.000,Our World in Data CO2 dataset,Our World in Data CO2 population;mledoze/countries area;Our World in Data CO2 dataset;Wikidata inception (P571),bulk_enriched
si,Slovenia,Republic of Slovenia,SI,SVN,2.1274,2024,World Bank WDI SP.POP.TOTL,20273,mledoze/countries area,Europe,Central Europe,Europe & Central Asia,High income,Not classified,true,officially-assigned,true,Eastern European Group,Ljubljana,46.11666666,14.81666666,mledoze/countries latlng,false,AUT;HRV;ITA;HUN,EUR,Slovene,1991,1992,1992,Wikidata UN membership start (P463/P580),medium,72972015197.39,2024,World Bank WDI NY.GDP.MKTP.CD,2024,12.751,6.018,,,911.402,14.996,18.109,14.289,8.547,79.156,37360.676,0.033,0.001,Our World in Data CO2 dataset,World Bank WDI SP.POP.TOTL;mledoze/countries area;World Bank WDI NY.GDP.MKTP.CD;Our World in Data CO2 dataset;Wikidata UN membership start (P463/P580),bulk_enriched
sj,Svalbard and Jan Mayen,Svalbard og Jan Mayen,SJ,SJM,1,,fallback_placeholder,-1,mledoze/countries area,Europe,Northern Europe,,,,false,officially-assigned,false,,Longyearbyen,78,20,mledoze/countries latlng,false,,NOK,Norwegian,,,1900,fallback_placeholder,none,,,,,,,,,,,,,,,,,,,fallback_placeholder;mledoze/countries area,partial_enriched
sk,Slovakia,Slovak Republic,SK,SVK,5.422069,2024,World Bank WDI SP.POP.TOTL,49037,mledoze/countries area,Europe,Central Europe,Europe & Central Asia,High income,Not classified,true,officially-assigned,true,Eastern European Group,Bratislava,48.66666666,19.5,mledoze/countries latlng,true,AUT;CZE;HUN;POL;UKR,EUR,Slovak,1993,1993,1993,Wikidata UN membership start (P463/P580),medium,140934076532.38,2024,World Bank WDI NY.GDP.MKTP.CD,2024,29.091,5.283,,,4028.322,30.438,19.732,35.936,3.583,181.077,32882.680,0.075,0.002,Our World in Data CO2 dataset,World Bank WDI SP.POP.TOTL;mledoze/countries area;World Bank WDI NY.GDP.MKTP.CD;Our World in Data CO2 dataset;Wikidata UN membership start (P463/P580),bulk_enriched
sl,Sierra Leone,Republic of Sierra Leone,SL,SLE,8.642022,2024,World Bank WDI SP.POP.TOTL,71740,mledoze/countries area,Africa,Western Africa,Sub-Saharan Africa,Low income,IDA,true,officially-assigned,true,African Group,Freetown,8.5,-11.5,mledoze/countries latlng,false,GIN;LBR,SLL,English,1971,1961,1961,Wikidata UN membership start (P463/P580),medium,6971127235.31,2024,World Bank WDI NY.GDP.MKTP.CD,2024,1.434,0.166,,,42.620,9.588,16.289,4.236,1.885,6.966,806.034,0.004,0.001,Our World in Data CO2 dataset,World Bank WDI SP.POP.TOTL;mledoze/countries area;World Bank WDI NY.GDP.MKTP.CD;Our World in Data CO2 dataset;Wikidata UN membership start (P463/P580),bulk_enriched
sm,San Marino,Most Serene Republic of San Marino,SM,SMR,0.033977,2024,World Bank WDI SP.POP.TOTL,61,mledoze/countries area,Europe,Southern Europe,Europe & Central Asia,High income,Not classified,true,officially-assigned,true,Western European and Others Group,City of San Marino,43.76666666,12.41666666,mledoze/countries latlng,true,ITA,EUR,Italian,0301,1992,1992,Wikidata UN membership start (P463/P580),medium,2027527227.83,2023,World Bank WDI NY.GDP.MKTP.CD,2024,,,,,,,,,,,,,,,World Bank WDI SP.POP.TOTL;mledoze/countries area;World Bank WDI NY.GDP.MKTP.CD;Wikidata UN membership start (P463/P580),bulk_enriched
sn,Senegal,Republic of Senegal,SN,SEN,18.501984,2024,World Bank WDI SP.POP.TOTL,196722,mledoze/countries area,Africa,Western Africa,Sub-Saharan Africa,Lower middle income,IDA,true,officially-assigned,true,African Group,Dakar,14,-14,mledoze/countries latlng,false,GMB;GIN;GNB;MLI;MRT,XOF,French,1960,1960,1960,Wikidata UN membership start (P463/P580),medium,32808056600.94,2024,World Bank WDI NY.GDP.MKTP.CD,2024,14.092,0.762,,,300.599,19.979,35.413,17.857,1.914,49.956,2700.026,0.037,0.000,Our World in Data CO2 dataset,World Bank WDI SP.POP.TOTL;mledoze/countries area;World Bank WDI NY.GDP.MKTP.CD;Our World in Data CO2 dataset;Wikidata UN membership start (P463/P580),bulk_enriched
so,Somalia,Federal Republic of Somalia,SO,SOM,19.009151,2024,World Bank WDI SP.POP.TOTL,637657,mledoze/countries area,Africa,Eastern Africa,Sub-Saharan Africa,Low income,IDA,true,officially-assigned,true,African Group,Mogadishu,10,49,mledoze/countries latlng,false,DJI;ETH;KEN,SOS,Arabic;Somali,1960,1960,1960,Wikidata UN membership start (P463/P580),medium,11967000000,2024,World Bank WDI NY.GDP.MKTP.CD,2024,1.319,0.069,,,41.932,30.466,47.850,10.010,2.517,6.793,357.348,0.003,0.000,Our World in Data CO2 dataset,World Bank WDI SP.POP.TOTL;mledoze/countries area;World Bank WDI NY.GDP.MKTP.CD;Our World in Data CO2 dataset;Wikidata UN membership start (P463/P580),bulk_enriched
sr,Suriname,Republic of Suriname,SR,SUR,0.634431,2024,World Bank WDI SP.POP.TOTL,163820,mledoze/countries area,Americas,South America,Latin America & Caribbean,Upper middle income,Blend,true,officially-assigned,true,Latin American and Caribbean Group,Paramaribo,4,-56,mledoze/countries latlng,false,BRA;GUF;GUY,SRD,Dutch,1975,1975,1975,Wikidata UN membership start (P463/P580),medium,4416775112.1,2024,World Bank WDI NY.GDP.MKTP.CD,2024,2.988,4.709,,,128.760,3.162,5.640,3.518,8.890,9.849,15524.720,0.008,0.000,Our World in Data CO2 dataset,World Bank WDI SP.POP.TOTL;mledoze/countries area;World Bank WDI NY.GDP.MKTP.CD;Our World in Data CO2 dataset;Wikidata UN membership start (P463/P580),bulk_enriched
ss,South Sudan,Republic of South Sudan,SS,SSD,11.943408,2024,World Bank WDI SP.POP.TOTL,619745,mledoze/countries area,Africa,Middle Africa,Sub-Saharan Africa,Low income,IDA,true,officially-assigned,true,African Group,Juba,7,30,mledoze/countries latlng,true,CAF;COD;ETH;KEN;SDN;UGA,SSP,English,2011,2011,2011,Wikidata UN membership start (P463/P580),medium,,,,2024,1.696,0.142,,,45.531,16.707,58.846,6.083,4.927,7.300,611.218,0.004,0.001,Our World in Data CO2 dataset,World Bank WDI SP.POP.TOTL;mledoze/countries area;Our World in Data CO2 dataset;Wikidata UN membership start (P463/P580),bulk_enriched
st,São Tomé and Príncipe,Democratic Republic of São Tomé and Príncipe,ST,STP,0.235536,2024,World Bank WDI SP.POP.TOTL,964,mledoze/countries area,Africa,Middle Africa,Sub-Saharan Africa,Lower middle income,IDA,true,officially-assigned,true,African Group,São Tomé,1,7,mledoze/countries latlng,false,,STN,Portuguese,1975,1975,1975,Wikidata UN membership start (P463/P580),medium,822154621.09,2024,World Bank WDI NY.GDP.MKTP.CD,2024,0.142,0.602,,,4.015,0.265,0.303,0.216,1.286,0.742,3149.593,0.000,0.000,Our World in Data CO2 dataset,World Bank WDI SP.POP.TOTL;mledoze/countries area;World Bank WDI NY.GDP.MKTP.CD;Our World in Data CO2 dataset;Wikidata UN membership start (P463/P580),bulk_enriched
sv,El Salvador,Republic of El Salvador,SV,SLV,6.338193,2024,World Bank WDI SP.POP.TOTL,21041,mledoze/countries area,Americas,Central America,Latin America & Caribbean,Upper middle income,IBRD,true,officially-assigned,true,Latin American and Caribbean Group,San Salvador,13.83333333,-88.91666666,mledoze/countries latlng,false,GTM;HND,USD,Spanish,1841,1945,1945,Wikidata UN membership start (P463/P580),medium,35364960000,2024,World Bank WDI NY.GDP.MKTP.CD,2024,8.972,1.416,,,264.574,9.170,9.874,10.871,1.558,46.812,7385.741,0.023,0.000,Our World in Data CO2 dataset,World Bank WDI SP.POP.TOTL;mledoze/countries area;World Bank WDI NY.GDP.MKTP.CD;Our World in Data CO2 dataset;Wikidata UN membership start (P463/P580),bulk_enriched
sx,Sint Maarten,Sint Maarten,SX,SXM,0.04335,2024,World Bank WDI SP.POP.TOTL,34,mledoze/countries area,Americas,Caribbean,Latin America & Caribbean,High income,Not classified,false,officially-assigned,false,,Philipsburg,18.033333,-63.05,mledoze/countries latlng,false,MAF,ANG,English;French;Dutch,2010,,2010,Wikidata inception (P571),low,1797836665.95,2024,World Bank WDI NY.GDP.MKTP.CD,2024,0.718,16.546,,,62.223,,,,,,,0.002,0.000,Our World in Data CO2 dataset,World Bank WDI SP.POP.TOTL;mledoze/countries area;World Bank WDI NY.GDP.MKTP.CD;Our World in Data CO2 dataset;Wikidata inception (P571),bulk_enriched
sy,Syria,Syrian Arab Republic,SY,SYR,24.67276,2024,World Bank WDI SP.POP.TOTL,185180,mledoze/countries area,Asia,Western Asia,"Middle East, North Africa, Afghanistan & Pakistan",Low income,IDA,true,officially-assigned,true,Asia and the Pacific Group,Damascus,35,38,mledoze/countries latlng,false,IRQ;ISR;JOR;LBN;TUR,SYP,Arabic,1920,1945,1945,Wikidata UN membership start (P463/P580),medium,23622827079.5,2022,World Bank WDI NY.GDP.MKTP.CD,2024,31.778,1.288,,,2055.815,25.385,38.616,35.331,1.565,116.615,4726.466,0.082,0.001,Our World in Data CO2 dataset,World Bank WDI SP.POP.TOTL;mledoze/countries area;World Bank WDI NY.GDP.MKTP.CD;Our World in Data CO2 dataset;Wikidata UN membership start (P463/P580),bulk_enriched
sz,Eswatini,Kingdom of Eswatini,SZ,SWZ,1.242822,2024,World Bank WDI SP.POP.TOTL,17364,mledoze/countries area,Africa,Southern Africa,Sub-Saharan Africa,Lower middle income,Blend,true,officially-assigned,true,African Group,Lobamba,-26.5,31.5,mledoze/countries latlng,true,MOZ;ZAF,SZL;ZAR,English;Swazi,1968,1968,1968,Wikidata UN membership start (P463/P580),medium,4858885840.77,2024,World Bank WDI NY.GDP.MKTP.CD,2024,1.045,0.841,,,44.612,1.256,1.622,,1.305,6.968,5606.774,0.003,0.000,Our World in Data CO2 dataset,World Bank WDI SP.POP.TOTL;mledoze/countries area;World Bank WDI NY.GDP.MKTP.CD;Our World in Data CO2 dataset;Wikidata UN membership start (P463/P580),bulk_enriched
tc,Turks and Caicos Islands,Turks and Caicos Islands,TC,TCA,0.046535,2024,World Bank WDI SP.POP.TOTL,948,mledoze/countries area,Americas,Caribbean,Latin America & Caribbean,High income,Not classified,false,officially-assigned,false,,Cockburn Town,21.75,-71.58333333,mledoze/countries latlng,false,,USD,English,1973,,1973,Wikidata inception (P571),low,1745378000,2024,World Bank WDI NY.GDP.MKTP.CD,2024,0.379,8.136,,,7.606,,0.386,0.386,8.281,1.907,40965.793,0.001,0.000,Our World in Data CO2 dataset,World Bank WDI SP.POP.TOTL;mledoze/countries area;World Bank WDI NY.GDP.MKTP.CD;Our World in Data CO2 dataset;Wikidata inception (P571),bulk_enriched
td,Chad,Republic of Chad,TD,TCD,20.299123,2024,World Bank WDI SP.POP.TOTL,1284000,mledoze/countries area,Africa,Middle Africa,Sub-Saharan Africa,Low income,IDA,true,officially-assigned,true,African Group,N'Djamena,15,19,mledoze/countries latlng,true,CMR;CAF;LBY;NER;NGA;SDN,XAF,Arabic;French,1960,1960,1960,Wikidata UN membership start (P463/P580),medium,19518819751.28,2024,World Bank WDI NY.GDP.MKTP.CD,2024,2.831,0.139,,,51.343,9.380,125.907,9.297,6.203,7.765,382.540,0.007,0.001,Our World in Data CO2 dataset,World Bank WDI SP.POP.TOTL;mledoze/countries area;World Bank WDI NY.GDP.MKTP.CD;Our World in Data CO2 dataset;Wikidata UN membership start (P463/P580),bulk_enriched
tf,French Southern and Antarctic Lands,Territory of the French Southern and Antarctic Lands,TF,ATF,1,,fallback_placeholder,7747,mledoze/countries area,Antarctic,unknown,,,,false,officially-assigned,false,,Port-aux-Français,-49.25,69.167,mledoze/countries latlng,false,,EUR,French,1955,,1955,Wikidata inception (P571),low,,,,,,,,,,,,,,,,,,,fallback_placeholder;mledoze/countries area;Wikidata inception (P571),partial_enriched
tg,Togo,Togolese Republic,TG,TGO,9.515236,2024,World Bank WDI SP.POP.TOTL,56785,mledoze/countries area,Africa,Western Africa,Sub-Saharan Africa,Low income,IDA,true,officially-assigned,true,African Group,Lomé,8,1.16666666,mledoze/countries latlng,false,BEN;BFA;GHA,XOF,French,1960,1960,1960,Wikidata UN membership start (P463/P580),medium,10651180146.53,2024,World Bank WDI NY.GDP.MKTP.CD,2024,2.754,0.328,,,76.631,4.794,12.760,7.284,1.518,12.773,1519.399,0.007,0.000,Our World in Data CO2 dataset,World Bank WDI SP.POP.TOTL;mledoze/countries area;World Bank WDI NY.GDP.MKTP.CD;Our World in Data CO2 dataset;Wikidata UN membership start (P463/P580),bulk_enriched
th,Thailand,Kingdom of Thailand,TH,THA,71.668011,2024,World Bank WDI SP.POP.TOTL,513120,mledoze/countries area,Asia,South-Eastern Asia,East Asia & Pacific,Upper middle income,IBRD,true,officially-assigned,true,Asia and the Pacific Group,Bangkok,15,100,mledoze/countries latlng,false,MMR;KHM;LAO;MYS,THB,Thai,1238,1946,1946,Wikidata UN membership start (P463/P580),medium,526517658841.68,2024,World Bank WDI NY.GDP.MKTP.CD,2024,267.760,3.736,,,8308.318,380.000,456.714,309.157,6.373,1420.819,19825.014,0.694,0.011,Our World in Data CO2 dataset,World Bank WDI SP.POP.TOTL;mledoze/countries area;World Bank WDI NY.GDP.MKTP.CD;Our World in Data CO2 dataset;Wikidata UN membership start (P463/P580),bulk_enriched
tj,Tajikistan,Republic of Tajikistan,TJ,TJK,10.590927,2024,World Bank WDI SP.POP.TOTL,143100,mledoze/countries area,Asia,Central Asia,Europe & Central Asia,Lower middle income,IDA,true,officially-assigned,true,Asia and the Pacific Group,Dushanbe,39,71,mledoze/countries latlng,true,AFG;CHN;KGZ;UZB,TJS,Russian;Tajik,1991,1992,1992,Wikidata UN membership start (P463/P580),medium,14204575548.55,2024,World Bank WDI NY.GDP.MKTP.CD,2024,10.740,1.014,,,517.798,10.810,21.428,13.751,2.023,53.402,5042.223,0.028,0.000,Our World in Data CO2 dataset,World Bank WDI SP.POP.TOTL;mledoze/countries area;World Bank WDI NY.GDP.MKTP.CD;Our World in Data CO2 dataset;Wikidata UN membership start (P463/P580),bulk_enriched
tk,Tokelau,Tokelau,TK,TKL,1,,fallback_placeholder,12,mledoze/countries area,Oceania,Polynesia,,,,false,officially-assigned,false,,Fakaofo,-9,-172,mledoze/countries latlng,false,,NZD,English;Samoan;Tokelauan,,,1900,fallback_placeholder,none,,,,,,,,,,,,,,,,,,,fallback_placeholder;mledoze/countries area,partial_enriched
tl,Timor-Leste,Democratic Republic of Timor-Leste,TL,TLS,1.400638,2024,World Bank WDI SP.POP.TOTL,14874,mledoze/countries area,Asia,South-Eastern Asia,East Asia & Pacific,Lower middle income,Blend,true,officially-assigned,true,Asia and the Pacific Group,Dili,-8.83333333,125.91666666,mledoze/countries latlng,false,IDN,USD,Portuguese;Tetum,1975,2002,2002,Wikidata UN membership start (P463/P580),medium,1865608515.41,2024,World Bank WDI NY.GDP.MKTP.CD,2024,0.668,0.477,,,12.137,4.428,4.875,0.938,3.481,2.777,1982.737,0.002,0.000,Our World in Data CO2 dataset,World Bank WDI SP.POP.TOTL;mledoze/countries area;World Bank WDI NY.GDP.MKTP.CD;Our World in Data CO2 dataset;Wikidata UN membership start (P463/P580),bulk_enriched
tm,Turkmenistan,Turkmenistan,TM,TKM,7.494498,2024,World Bank WDI SP.POP.TOTL,488100,mledoze/countries area,Asia,Central Asia,Europe & Central Asia,Upper middle income,IBRD,true,officially-assigned,true,Asia and the Pacific Group,Ashgabat,40,60,mledoze/countries latlng,true,AFG;IRN;KAZ;UZB,TMT,Russian;Turkmen,1991,1992,1992,Wikidata UN membership start (P463/P580),medium,51387209872.3,2024,World Bank WDI NY.GDP.MKTP.CD,2024,81.006,10.809,,,2741.633,80.684,118.345,98.336,15.791,371.164,49524.949,0.210,0.002,Our World in Data CO2 dataset,World Bank WDI SP.POP.TOTL;mledoze/countries area;World Bank WDI NY.GDP.MKTP.CD;Our World in Data CO2 dataset;Wikidata UN membership start (P463/P580),bulk_enriched
tn,Tunisia,Tunisian Republic,TN,TUN,12.277109,2024,World Bank WDI SP.POP.TOTL,163610,mledoze/countries area,Africa,Northern Africa,"Middle East, North Africa, Afghanistan & Pakistan",Lower middle income,IBRD,true,officially-assigned,true,African Group,Tunis,34,9,mledoze/countries latlng,false,DZA;LBY,TND,Arabic,1956,1956,1956,Wikidata UN membership start (P463/P580),medium,51332285656.54,2024,World Bank WDI NY.GDP.MKTP.CD,2024,32.664,2.661,,,1066.189,31.344,43.539,39.877,3.546,123.067,10024.105,0.085,0.001,Our World in Data CO2 dataset,World Bank WDI SP.POP.TOTL;mledoze/countries area;World Bank WDI NY.GDP.MKTP.CD;Our World in Data CO2 dataset;Wikidata UN membership start (P463/P580),bulk_enriched
to,Tonga,Kingdom of Tonga,TO,TON,0.104175,2024,World Bank WDI SP.POP.TOTL,747,mledoze/countries area,Oceania,Polynesia,East Asia & Pacific,Upper middle income,IDA,true,officially-assigned,true,Asia and the Pacific Group,Nuku'alofa,-20,-175,mledoze/countries latlng,false,,TOP,English;Tongan,1970,1999,1999,Wikidata UN membership start (P463/P580),medium,591139749.44,2023,World Bank WDI NY.GDP.MKTP.CD,2024,0.153,1.464,,,4.922,0.168,0.275,0.199,2.638,0.922,8848.353,0.000,0.000,Our World in Data CO2 dataset,World Bank WDI SP.POP.TOTL;mledoze/countries area;World Bank WDI NY.GDP.MKTP.CD;Our World in Data CO2 dataset;Wikidata UN membership start (P463/P580),bulk_enriched
tr,Türkiye,Republic of Türkiye,TR,TUR,85.518661,2024,World Bank WDI SP.POP.TOTL,783562,mledoze/countries area,Asia,Western Asia,Europe & Central Asia,Upper middle income,IBRD,true,officially-assigned,true,Western European and Others Group,Ankara,39,35,mledoze/countries latlng,false,ARM;AZE;BGR;GEO;GRC;IRN;IRQ;SYR,TRY,Turkish,1923,1945,1945,Wikidata UN membership start (P463/P580),medium,1359123768774.12,2024,World Bank WDI NY.GDP.MKTP.CD,2024,513.035,5.865,,,12887.552,503.511,680.012,609.954,7.774,2093.058,23927.826,1.329,0.007,Our World in Data CO2 dataset,World Bank WDI SP.POP.TOTL;mledoze/countries area;World Bank WDI NY.GDP.MKTP.CD;Our World in Data CO2 dataset;Wikidata UN membership start (P463/P580),bulk_enriched
tt,Trinidad and Tobago,Republic of Trinidad and Tobago,TT,TTO,1.368333,2024,World Bank WDI SP.POP.TOTL,5130,mledoze/countries area,Americas,Caribbean,Latin America & Caribbean,High income,IBRD,true,officially-assigned,true,Latin American and Caribbean Group,Port of Spain,11,-61,mledoze/countries latlng,false,,TTD,English,1976,1962,1962,Wikidata UN membership start (P463/P580),medium,25633544529.48,2024,World Bank WDI NY.GDP.MKTP.CD,2024,34.576,22.932,,,1710.969,34.412,40.983,40.801,27.181,159.807,105988.438,0.090,0.001,Our World in Data CO2 dataset,World Bank WDI SP.POP.TOTL;mledoze/countries area;World Bank WDI NY.GDP.MKTP.CD;Our World in Data CO2 dataset;Wikidata UN membership start (P463/P580),bulk_enriched
tv,Tuvalu,Tuvalu,TV,TUV,0.009646,2024,World Bank WDI SP.POP.TOTL,26,mledoze/countries area,Oceania,Polynesia,East Asia & Pacific,Upper middle income,IDA,true,officially-assigned,true,Asia and the Pacific Group,Funafuti,-8,178,mledoze/countries latlng,false,,AUD;TVD,English;Tuvaluan,1978,2000,2000,Wikidata UN membership start (P463/P580),medium,62280311.59,2023,World Bank WDI NY.GDP.MKTP.CD,2024,0.011,1.183,,,0.297,0.011,0.020,0.013,2.053,0.000,0.000,0.000,0.000,Our World in Data CO2 dataset,World Bank WDI SP.POP.TOTL;mledoze/countries area;World Bank WDI NY.GDP.MKTP.CD;Our World in Data CO2 dataset;Wikidata UN membership start (P463/P580),bulk_enriched
tw,Taiwan,Republic of China (Taiwan),TW,TWN,23.213964,2024,Our World in Data CO2 population,36193,mledoze/countries area,Asia,Eastern Asia,,,,false,officially-assigned,false,,Taipei,23.5,121,mledoze/countries latlng,false,,TWD,Chinese,1912,1945,1945,Wikidata UN membership start (P463/P580),medium,,,,2024,262.345,11.301,,,10091.911,,283.537,279.695,12.214,1253.847,54012.633,0.680,0.005,Our World in Data CO2 dataset,Our World in Data CO2 population;mledoze/countries area;Our World in Data CO2 dataset;Wikidata UN membership start (P463/P580),bulk_enriched
tz,Tanzania,United Republic of Tanzania,TZ,TZA,68.560157,2024,World Bank WDI SP.POP.TOTL,945087,mledoze/countries area,Africa,Eastern Africa,Sub-Saharan Africa,Lower middle income,IDA,true,officially-assigned,true,African Group,Dodoma,-6,35,mledoze/countries latlng,false,BDI;COD;KEN;MWI;MOZ;RWA;UGA;ZMB,TZS,English;Swahili,1964,1964,1964,Wikidata UN membership start (P463/P580),medium,78844405385.22,2024,World Bank WDI NY.GDP.MKTP.CD,2024,20.018,0.292,,,344.851,99.040,185.769,39.833,2.710,79.186,1154.988,0.052,0.003,Our World in Data CO2 dataset,World Bank WDI SP.POP.TOTL;mledoze/countries area;World Bank WDI NY.GDP.MKTP.CD;Our World in Data CO2 dataset;Wikidata UN membership start (P463/P580),bulk_enriched
ua,Ukraine,Ukraine,UA,UKR,37.860221,2024,World Bank WDI SP.POP.TOTL,603500,mledoze/countries area,Europe,Eastern Europe,Europe & Central Asia,Upper middle income,IBRD,true,officially-assigned,true,Eastern European Group,Kyiv,49,32,mledoze/countries latlng,false,BLR;HUN;MDA;POL;ROU;RUS;SVK,UAH,Ukrainian,1991,1991,1991,Wikidata UN membership start (P463/P580),medium,190741262414.7,2024,World Bank WDI NY.GDP.MKTP.CD,2024,142.498,3.764,,,31236.496,148.082,222.882,190.094,5.887,601.054,15875.597,0.369,0.018,Our World in Data CO2 dataset,World Bank WDI SP.POP.TOTL;mledoze/countries area;World Bank WDI NY.GDP.MKTP.CD;Our World in Data CO2 dataset;Wikidata UN membership start (P463/P580),bulk_enriched
ug,Uganda,Republic of Uganda,UG,UGA,50.015092,2024,World Bank WDI SP.POP.TOTL,241550,mledoze/countries area,Africa,Eastern Africa,Sub-Saharan Africa,Low income,IDA,true,officially-assigned,true,African Group,Kampala,1,32,mledoze/countries latlng,true,COD;KEN;RWA;SSD;TZA,UGX,English;Swahili,1962,1962,1962,Wikidata UN membership start (P463/P580),medium,53911907086.15,2024,World Bank WDI NY.GDP.MKTP.CD,2024,6.334,0.127,,,131.384,10.901,63.942,26.595,1.278,31.860,637.010,0.016,0.001,Our World in Data CO2 dataset,World Bank WDI SP.POP.TOTL;mledoze/countries area;World Bank WDI NY.GDP.MKTP.CD;Our World in Data CO2 dataset;Wikidata UN membership start (P463/P580),bulk_enriched
um,United States Minor Outlying Islands,United States Minor Outlying Islands,UM,UMI,1,,fallback_placeholder,34.2,mledoze/countries area,Americas,North America,,,,false,officially-assigned,false,,,19.3,166.633333,mledoze/countries latlng,false,,USD,English,1986,,1986,Wikidata inception (P571),low,,,,,,,,,,,,,,,,,,,fallback_placeholder;mledoze/countries area;Wikidata inception (P571),partial_enriched
un,UN,UN,UN,,1,,fallback_placeholder,1,fallback_placeholder,unknown,unknown,,,,,,false,,,,,,,,,,,,1900,fallback_placeholder,none,,,,,,,,,,,,,,,,,,,fallback_placeholder,placeholder
us,United States,United States of America,US,USA,340.110988,2024,World Bank WDI SP.POP.TOTL,9372610,mledoze/countries area,Americas,North America,North America,High income,Not classified,true,officially-assigned,true,Western European and Others Group,Washington D.C.,38,-97,mledoze/countries latlng,false,CAN;MEX,USD,English,1784,1945,1945,Wikidata UN membership start (P463/P580),medium,28750956130731.2,2024,World Bank WDI NY.GDP.MKTP.CD,2024,4904.120,14.197,,,434866.562,5016.179,6054.308,5594.310,17.527,26528.611,76799.570,12.705,0.247,Our World in Data CO2 dataset,World Bank WDI SP.POP.TOTL;mledoze/countries area;World Bank WDI NY.GDP.MKTP.CD;Our World in Data CO2 dataset;Wikidata UN membership start (P463/P580),bulk_enriched
uy,Uruguay,Oriental Republic of Uruguay,UY,URY,3.386588,2024,World Bank WDI SP.POP.TOTL,181034,mledoze/countries area,Americas,South America,Latin America & Caribbean,High income,IBRD,true,officially-assigned,true,Latin American and Caribbean Group,Montevideo,-33,-56,mledoze/countries latlng,false,ARG;BRA,UYU,Spanish,1825,1945,1828,previous_worked_example,worked_example,80961511073.58,2024,World Bank WDI NY.GDP.MKTP.CD,2024,7.973,2.354,,,476.757,8.508,43.054,13.117,12.713,53.511,15800.801,0.021,0.001,Our World in Data CO2 dataset,World Bank WDI SP.POP.TOTL;mledoze/countries area;World Bank WDI NY.GDP.MKTP.CD;Our World in Data CO2 dataset;previous_worked_example,bulk_enriched
uz,Uzbekistan,Republic of Uzbekistan,UZ,UZB,36.361859,2024,World Bank WDI SP.POP.TOTL,447400,mledoze/countries area,Asia,Central Asia,Europe & Central Asia,Lower middle income,Blend,true,officially-assigned,true,Asia and the Pacific Group,Tashkent,41,64,mledoze/countries latlng,true,AFG;KAZ;KGZ;TJK;TKM,UZS,Russian;Uzbek,1991,1992,1992,Wikidata UN membership start (P463/P580),medium,114965293466.61,2024,World Bank WDI NY.GDP.MKTP.CD,2024,139.234,3.829,,,6750.655,138.443,208.173,167.399,5.725,695.576,19129.268,0.361,0.004,Our World in Data CO2 dataset,World Bank WDI SP.POP.TOTL;mledoze/countries area;World Bank WDI NY.GDP.MKTP.CD;Our World in Data CO2 dataset;Wikidata UN membership start (P463/P580),bulk_enriched
va,Vatican City,Vatican City State,VA,VAT,0.000507,2024,Our World in Data CO2 population,0.44,mledoze/countries area,Europe,Southern Europe,,,,true,officially-assigned,true,,Vatican City,41.9,12.45,mledoze/countries latlng,true,ITA,EUR,Italian;Latin,1929,,1929,Wikidata inception (P571),low,,,,2024,,,,,,,,,,,,,,,Our World in Data CO2 population;mledoze/countries area;Wikidata inception (P571),bulk_enriched
vc,Saint Vincent and the Grenadines,Saint Vincent and the Grenadines,VC,VCT,0.100616,2024,World Bank WDI SP.POP.TOTL,389,mledoze/countries area,Americas,Caribbean,Latin America & Caribbean,Upper middle income,Blend,true,officially-assigned,true,Latin American and Caribbean Group,Kingstown,13.25,-61.2,mledoze/countries latlng,false,,XCD,English,1979,1980,1980,Wikidata UN membership start (P463/P580),medium,1157207407.41,2024,World Bank WDI NY.GDP.MKTP.CD,2024,0.256,2.541,,,7.967,0.187,0.280,0.301,2.787,1.139,11321.043,0.001,0.000,Our World in Data CO2 dataset,World Bank WDI SP.POP.TOTL;mledoze/countries area;World Bank WDI NY.GDP.MKTP.CD;Our World in Data CO2 dataset;Wikidata UN membership start (P463/P580),bulk_enriched
ve,Venezuela,Bolivarian Republic of Venezuela,VE,VEN,28.405543,2024,World Bank WDI SP.POP.TOTL,916445,mledoze/countries area,Americas,South America,Latin America & Caribbean,Not classified,IBRD,true,officially-assigned,true,Latin American and Caribbean Group,Caracas,8,-66,mledoze/countries latlng,false,BRA;COL;GUY,VES,Spanish,1811,1945,1945,Wikidata UN membership start (P463/P580),medium,119802963257.78,2024,World Bank WDI NY.GDP.MKTP.CD,2024,116.042,4.085,,,7886.474,125.943,192.851,133.844,6.789,698.546,24591.875,0.301,0.006,Our World in Data CO2 dataset,World Bank WDI SP.POP.TOTL;mledoze/countries area;World Bank WDI NY.GDP.MKTP.CD;Our World in Data CO2 dataset;Wikidata UN membership start (P463/P580),bulk_enriched
vg,British Virgin Islands,Virgin Islands,VG,VGB,0.039471,2024,World Bank WDI SP.POP.TOTL,151,mledoze/countries area,Americas,Caribbean,Latin America & Caribbean,High income,Not classified,false,officially-assigned,false,,Road Town,18.431383,-64.62305,mledoze/countries latlng,false,,USD,English,,,1900,fallback_placeholder,none,,,,2024,0.193,4.874,,,6.261,,0.209,0.199,5.284,0.788,19954.762,0.000,0.000,Our World in Data CO2 dataset,World Bank WDI SP.POP.TOTL;mledoze/countries area;Our World in Data CO2 dataset;fallback_placeholder,bulk_enriched
vi,United States Virgin Islands,Virgin Islands of the United States,VI,VIR,0.104377,2024,World Bank WDI SP.POP.TOTL,347,mledoze/countries area,Americas,Caribbean,Latin America & Caribbean,High income,Not classified,false,officially-assigned,false,,Charlotte Amalie,18.35,-64.933333,mledoze/countries latlng,false,,USD,English,1917,,1917,Wikidata inception (P571),low,4672000000,2022,World Bank WDI NY.GDP.MKTP.CD,,,,,,,,,,,,,,,,World Bank WDI SP.POP.TOTL;mledoze/countries area;World Bank WDI NY.GDP.MKTP.CD;Wikidata inception (P571),bulk_enriched
vn,Vietnam,Socialist Republic of Vietnam,VN,VNM,100.987686,2024,World Bank WDI SP.POP.TOTL,331212,mledoze/countries area,Asia,South-Eastern Asia,East Asia & Pacific,Lower middle income,IBRD,true,officially-assigned,true,Asia and the Pacific Group,Hanoi,16.16666666,107.83333333,mledoze/countries latlng,false,KHM;CHN;LAO,VND,Vietnamese,1804,1977,1977,Wikidata UN membership start (P463/P580),medium,476388230307.17,2024,World Bank WDI NY.GDP.MKTP.CD,2024,370.931,3.673,,,5668.876,484.165,583.497,423.647,5.778,1476.252,14618.140,0.961,0.007,Our World in Data CO2 dataset,World Bank WDI SP.POP.TOTL;mledoze/countries area;World Bank WDI NY.GDP.MKTP.CD;Our World in Data CO2 dataset;Wikidata UN membership start (P463/P580),bulk_enriched
vu,Vanuatu,Republic of Vanuatu,VU,VUT,0.327777,2024,World Bank WDI SP.POP.TOTL,12189,mledoze/countries area,Oceania,Melanesia,East Asia & Pacific,Lower middle income,IDA,true,officially-assigned,true,Asia and the Pacific Group,Port Vila,-16,167,mledoze/countries latlng,false,,VUV,Bislama;English;French,1980,1981,1981,Wikidata UN membership start (P463/P580),medium,1117972034.23,2024,World Bank WDI NY.GDP.MKTP.CD,2024,0.197,0.601,,,5.547,-0.118,0.479,0.314,1.461,1.352,4123.855,0.001,0.000,Our World in Data CO2 dataset,World Bank WDI SP.POP.TOTL;mledoze/countries area;World Bank WDI NY.GDP.MKTP.CD;Our World in Data CO2 dataset;Wikidata UN membership start (P463/P580),bulk_enriched
wf,Wallis and Futuna,Territory of the Wallis and Futuna Islands,WF,WLF,0.011303,2024,Our World in Data CO2 population,142,mledoze/countries area,Oceania,Polynesia,,,,false,officially-assigned,false,,Mata-Utu,-13.3,-176.2,mledoze/countries latlng,false,,XPF,French,1961,,1961,Wikidata inception (P571),low,,,,2024,0.031,2.699,,,0.866,,,,,,,0.000,0.000,Our World in Data CO2 dataset,Our World in Data CO2 population;mledoze/countries area;Our World in Data CO2 dataset;Wikidata inception (P571),bulk_enriched
ws,Samoa,Independent State of Samoa,WS,WSM,0.218019,2024,World Bank WDI SP.POP.TOTL,2842,mledoze/countries area,Oceania,Polynesia,East Asia & Pacific,Upper middle income,IDA,true,officially-assigned,true,Asia and the Pacific Group,Apia,-13.58333333,-172.33333333,mledoze/countries latlng,false,,WST,English;Samoan,1962,1976,1976,Wikidata UN membership start (P463/P580),medium,1175749785.65,2024,World Bank WDI NY.GDP.MKTP.CD,2024,0.246,1.126,,,7.770,0.014,0.156,0.300,0.714,1.455,6671.544,0.001,0.000,Our World in Data CO2 dataset,World Bank WDI SP.POP.TOTL;mledoze/countries area;World Bank WDI NY.GDP.MKTP.CD;Our World in Data CO2 dataset;Wikidata UN membership start (P463/P580),bulk_enriched
xk,Kosovo,Republic of Kosovo,XK,UNK,1.594353,2024,World Bank WDI SP.POP.TOTL,10908,mledoze/countries area,Europe,Southeast Europe,Europe & Central Asia,Upper middle income,IDA,false,user-assigned,false,,Pristina,42.666667,21.166667,mledoze/countries latlng,true,ALB;MKD;MNE;SRB,EUR,Albanian;Serbian,2008,,2008,Wikidata inception (P571),low,11197246322.59,2024,World Bank WDI NY.GDP.MKTP.CD,,,,,,,,,,,,,,,,World Bank WDI SP.POP.TOTL;mledoze/countries area;World Bank WDI NY.GDP.MKTP.CD;Wikidata inception (P571),bulk_enriched
xx,XX,XX,XX,,1,,fallback_placeholder,1,fallback_placeholder,unknown,unknown,,,,,,false,,,,,,,,,,,,1900,fallback_placeholder,none,,,,,,,,,,,,,,,,,,,fallback_placeholder,placeholder
ye,Yemen,Republic of Yemen,YE,YEM,40.583164,2024,World Bank WDI SP.POP.TOTL,527968,mledoze/countries area,Asia,Western Asia,"Middle East, North Africa, Afghanistan & Pakistan",Low income,IDA,true,officially-assigned,true,Asia and the Pacific Group,Sana'a,15,48,mledoze/countries latlng,false,OMN;SAU,YER,Arabic,1990,1990,1990,Wikidata UN membership start (P463/P580),medium,,,,2024,10.123,0.249,,,708.031,10.328,26.665,17.690,0.657,61.599,1517.856,0.026,0.000,Our World in Data CO2 dataset,World Bank WDI SP.POP.TOTL;mledoze/countries area;Our World in Data CO2 dataset;Wikidata UN membership start (P463/P580),bulk_enriched
yt,Mayotte,Department of Mayotte,YT,MYT,1,,fallback_placeholder,374,mledoze/countries area,Africa,Eastern Africa,,,,false,officially-assigned,false,,Mamoudzou,-12.83333333,45.16666666,mledoze/countries latlng,false,,EUR,French,1974,,1974,Wikidata inception (P571),low,,,,,,,,,,,,,,,,,,,fallback_placeholder;mledoze/countries area;Wikidata inception (P571),partial_enriched
za,South Africa,Republic of South Africa,ZA,ZAF,64.007187,2024,World Bank WDI SP.POP.TOTL,1221037,mledoze/countries area,Africa,Southern Africa,Sub-Saharan Africa,Upper middle income,IBRD,true,officially-assigned,true,African Group,Pretoria;Bloemfontein;Cape Town,-29,24,mledoze/countries latlng,false,BWA;LSO;MOZ;NAM;SWZ;ZWE,ZAR,Afrikaans;English;Southern Ndebele;Northern Sotho;Southern Sotho;Swazi;Tswana;Tsonga;Venda;Xhosa;Zulu,1910,1961,1961,Wikidata UN membership start (P463/P580),medium,401144998373.59,2024,World Bank WDI NY.GDP.MKTP.CD,2024,439.831,6.872,,,22826.967,443.643,542.729,508.186,8.479,1362.492,21286.549,1.139,0.012,Our World in Data CO2 dataset,World Bank WDI SP.POP.TOTL;mledoze/countries area;World Bank WDI NY.GDP.MKTP.CD;Our World in Data CO2 dataset;Wikidata UN membership start (P463/P580),bulk_enriched
zm,Zambia,Republic of Zambia,ZM,ZMB,21.314956,2024,World Bank WDI SP.POP.TOTL,752612,mledoze/countries area,Africa,Eastern Africa,Sub-Saharan Africa,Lower middle income,IDA,true,officially-assigned,true,African Group,Lusaka,-15,30,mledoze/countries latlng,true,AGO;BWA;COD;MWI;MOZ;NAM;TZA;ZWE,ZMW,English,1964,1964,1964,Wikidata UN membership start (P463/P580),medium,25303185342.25,2024,World Bank WDI NY.GDP.MKTP.CD,2024,12.043,0.565,,,300.839,74.632,99.033,21.602,4.646,50.972,2391.374,0.031,0.002,Our World in Data CO2 dataset,World Bank WDI SP.POP.TOTL;mledoze/countries area;World Bank WDI NY.GDP.MKTP.CD;Our World in Data CO2 dataset;Wikidata UN membership start (P463/P580),bulk_enriched
zw,Zimbabwe,Republic of Zimbabwe,ZW,ZWE,16.634373,2024,World Bank WDI SP.POP.TOTL,390757,mledoze/countries area,Africa,Eastern Africa,Sub-Saharan Africa,Lower middle income,Blend,true,officially-assigned,true,African Group,Harare,-20,30,mledoze/countries latlng,true,BWA;MOZ;ZAF;ZMB,BWP;CNY;EUR;GBP;INR;JPY;USD;ZAR;ZWB,Chibarwe;English;Kalanga;Khoisan;Ndau;Northern Ndebele;Chewa;Shona;Sotho;Tonga;Tswana;Tsonga;Venda;Xhosa;Zimbabwean Sign Language,1980,1980,1980,Wikidata UN membership start (P463/P580),medium,41539411516.44,2024,World Bank WDI NY.GDP.MKTP.CD,2024,13.701,0.824,,,832.914,11.949,31.066,20.773,1.868,67.523,4059.237,0.035,0.001,Our World in Data CO2 dataset,World Bank WDI SP.POP.TOTL;mledoze/countries area;World Bank WDI NY.GDP.MKTP.CD;Our World in Data CO2 dataset;Wikidata UN membership start (P463/P580),bulk_enriched
